y_true,y_pred,residual,abs_error
3.730773582090438,3.7133169994935105,0.017456582596927728,0.017456582596927728
3.709633981094521,3.7205581672095898,-0.010924186115068846,0.010924186115068846
3.705270499037996,3.7052028584580787,6.764057991714978e-05,6.764057991714978e-05
3.71254426889054,3.6857355116799924,0.02680875721054754,0.02680875721054754
3.767386677326625,3.5818563775176466,0.1855302998089785,0.1855302998089785
0.9518419143395832,2.4924633362094406,-1.5406214218698575,1.5406214218698575
3.708437252280448,3.6809635067849795,0.02747374549546855,0.02747374549546855
3.716917060276839,3.688642672503828,0.028274387773011167,0.028274387773011167
3.74064706400512,3.704635316201292,0.03601174780382799,0.03601174780382799
3.739343658627312,3.738864526095626,0.00047913253168596626,0.00047913253168596626
3.696472081073597,3.674901479659133,0.021570601414464097,0.021570601414464097
3.705318771287759,3.6813400965469554,0.02397867474080373,0.02397867474080373
3.7808453196850103,3.7677360834072733,0.013109236277736969,0.013109236277736969
3.671923808450378,3.610339951908263,0.061583856542114734,0.061583856542114734
3.685349530141569,3.6355240142333822,0.049825515908186624,0.049825515908186624
3.838743235348165,3.7275973179834647,0.11114591736470025,0.11114591736470025
3.7517088036865713,3.7291346757321047,0.022574127954466672,0.022574127954466672
3.6988029110166663,3.6680892725217205,0.030713638494945794,0.030713638494945794
3.7258787092939354,3.7092899742466177,0.016588735047317726,0.016588735047317726
3.6950526997099806,3.6701250494893602,0.02492765022062038,0.02492765022062038
3.72297022867144,3.721009458552324,0.0019607701191159954,0.0019607701191159954
3.693839586971349,3.6723677695581767,0.02147181741317228,0.02147181741317228
3.71068319546925,3.7698289192225767,-0.05914572375332661,0.05914572375332661
3.744702234526337,3.803716651438342,-0.05901441691200482,0.05901441691200482
3.723955174463809,3.697408396963589,0.026546777500219942,0.026546777500219942
3.715724941593076,3.7293052172714014,-0.013580275678325204,0.013580275678325204
1.7884999354135336,1.4289293572143946,0.35957057819913896,0.35957057819913896
3.846081957713177,3.819337053487616,0.026744904225560973,0.026744904225560973
3.721284994193829,3.6877883479718636,0.03349664622196524,0.03349664622196524
3.748447140560581,3.7287472000047446,0.01969994055583646,0.01969994055583646
3.7514727838900095,3.758428011567598,-0.0069552276775883826,0.0069552276775883826
3.718924634321976,3.6456305106082474,0.07329412371372879,0.07329412371372879
3.7393342288747062,3.7017994280169595,0.03753480085774674,0.03753480085774674
3.7308836100229614,3.6801269950614484,0.05075661496151307,0.05075661496151307
3.796178736681837,3.759791559604708,0.03638717707712935,0.03638717707712935
3.711781096733623,3.6838870819924825,0.027894014741140616,0.027894014741140616
3.688604497815584,3.6656849752991407,0.022919522516443358,0.022919522516443358
3.701250532586659,3.6630608259904256,0.03818970659623355,0.03818970659623355
3.769952656948111,3.707136803278376,0.06281585366973497,0.06281585366973497
3.735436260887763,3.699583699337654,0.03585256155010885,0.03585256155010885
3.731063784279414,3.614911970462646,0.11615181381676809,0.11615181381676809
3.707041191659874,3.702189405376173,0.004851786283701198,0.004851786283701198
3.731362840289677,3.7765328663542865,-0.045170026064609736,0.045170026064609736
3.7020901754705338,3.684953862632549,0.01713631283798467,0.01713631283798467
3.752370996629621,3.7348397253619523,0.017531271267668735,0.017531271267668735
3.7390727721971424,3.7362199331577455,0.002852839039396926,0.002852839039396926
3.7284832157780015,3.734189344248821,-0.005706128470819749,0.005706128470819749
3.861020627823794,3.644760534669663,0.2162600931541312,0.2162600931541312
3.679794030034288,3.627802414172594,0.05199161586169421,0.05199161586169421
3.703642421274603,3.6867214485890605,0.0169209726855426,0.0169209726855426
3.7316823412273545,3.73679286974095,-0.0051105285135952805,0.0051105285135952805
3.760634125197458,3.80555248386581,-0.04491835866835192,0.04491835866835192
3.741906731143508,3.7197730848527626,0.022133646290745546,0.022133646290745546
3.714482630835218,3.698001573949541,0.016481056885677248,0.016481056885677248
3.732509230555314,3.728445540258083,0.00406369029723086,0.00406369029723086
3.706929341807308,3.7081212580387017,-0.001191916231393808,0.001191916231393808
3.724165047613537,3.677936657442822,0.046228390170715006,0.046228390170715006
3.57471880853332,3.620059875247305,-0.04534106671398508,0.04534106671398508
3.7153045699799,3.6733744110113045,0.04193015896859542,0.04193015896859542
0.9576246353549998,2.2578585726627303,-1.3002339373077305,1.3002339373077305
3.7417099994302734,3.698827702228685,0.042882297201588315,0.042882297201588315
3.7215216982793966,3.7248350625209596,-0.0033133642415630327,0.0033133642415630327
3.77075371363392,3.8546174142088585,-0.08386370057493853,0.08386370057493853
3.7541578058415217,3.7116594258658826,0.0424983799756391,0.0424983799756391
3.776655437120442,3.725331975686703,0.05132346143373878,0.05132346143373878
3.720330770720421,3.727753132315114,-0.0074223615946928945,0.0074223615946928945
3.704480274971426,3.67194643004254,0.03253384492888589,0.03253384492888589
3.7834153849580554,3.868700559918269,-0.0852851749602137,0.0852851749602137
3.724669726354223,3.7068513110394568,0.017818415314766245,0.017818415314766245
3.747280394045064,3.7064564681615693,0.040823925883494816,0.040823925883494816
3.743021985193087,3.7809193737696027,-0.03789738857651592,0.03789738857651592
3.72938025417084,3.745035142124103,-0.015654887953262975,0.015654887953262975
3.749338554642276,3.697117415996581,0.052221138645694776,0.052221138645694776
3.83052396853975,3.822849832712379,0.007674135827370865,0.007674135827370865
3.72107479256357,3.7217673005727097,-0.0006925080091395586,0.0006925080091395586
3.691121115168336,3.69865498719986,-0.007533872031523892,0.007533872031523892
3.76080142813135,3.7293124259985855,0.03148900213276473,0.03148900213276473
3.728816398956636,3.6984669288234358,0.030349470133200107,0.030349470133200107
3.739758103597592,3.740141178110311,-0.00038307451271890613,0.00038307451271890613
3.784823823080845,3.704295687777483,0.080528135303362,0.080528135303362
3.655770583047224,3.593326011781153,0.062444571266070614,0.062444571266070614
3.7428357815849034,3.711440851715786,0.031394929869117405,0.031394929869117405
3.7469247657398497,3.7705183926101338,-0.0235936268702841,0.0235936268702841
3.7225132078502416,3.6956123235955594,0.02690088425468229,0.02690088425468229
1.886781596652594,1.4100940016448615,0.4766875950077325,0.4766875950077325
3.7954096635848296,3.8543340626607154,-0.05892439907588587,0.05892439907588587
3.734475189811156,3.6971757671705476,0.03729942264060826,0.03729942264060826
3.7018957197884426,3.676111037383371,0.02578468240507137,0.02578468240507137
3.716538999484213,3.687692718625884,0.028846280858329187,0.028846280858329187
3.695027446419487,3.667753827768206,0.027273618651281417,0.027273618651281417
3.753781824189857,3.7248016977891147,0.0289801264007421,0.0289801264007421
3.776408993912045,3.7516458566116424,0.024763137300402693,0.024763137300402693
3.6255009411648,3.8099668079848548,-0.18446586682005472,0.18446586682005472
3.7538877756118048,3.7874283447765045,-0.03354056916469972,0.03354056916469972
3.802637319394196,3.9035065392584167,-0.10086921986422093,0.10086921986422093
3.714681020017064,3.6969022006879375,0.017778819329126616,0.017778819329126616
3.7211530095787,3.7080740201309985,0.013078989447701694,0.013078989447701694
3.712026893888689,3.6648479964395753,0.047178897449113855,0.047178897449113855
3.8338393701092857,3.9958153002503325,-0.16197593014104683,0.16197593014104683
3.7055665780508655,3.687206225983277,0.018360352067588348,0.018360352067588348
2.643541298289101,2.7552182366760603,-0.11167693838695936,0.11167693838695936
3.681155865124115,3.600467316423226,0.08068854870088904,0.08068854870088904
3.7873092805214794,3.6842514501937838,0.10305783032769567,0.10305783032769567
3.723304612267225,3.615703203193871,0.10760140907335414,0.10760140907335414
3.748953573594085,3.755930396593572,-0.006976822999487098,0.006976822999487098
3.718860743561531,3.645975764140349,0.07288497942118166,0.07288497942118166
3.7102450678321417,3.661023209800767,0.04922185803137458,0.04922185803137458
3.7004783077138055,3.6815866715724233,0.01889163614138223,0.01889163614138223
3.7059825303020086,3.737191580859343,-0.03120905055733436,0.03120905055733436
3.716319669788645,3.681671361710572,0.034648308078073065,0.034648308078073065
3.6682782379990657,3.6347648018376293,0.03351343616143643,0.03351343616143643
3.743642630643033,3.764743932862475,-0.021101302219442175,0.021101302219442175
3.7344719543559473,3.702715015893012,0.031756938462935036,0.031756938462935036
3.741118646258459,3.794549924218109,-0.05343127795965019,0.05343127795965019
3.788862145970668,3.7893621390281638,-0.0004999930574958178,0.0004999930574958178
3.7559969859652576,3.5505559498673485,0.2054410360979091,0.2054410360979091
3.718803553132616,3.6864270969648607,0.03237645616775531,0.03237645616775531
3.715830700067886,3.7079635039794225,0.007867196088463313,0.007867196088463313
3.699686396955681,3.6556707210910537,0.04401567586462729,0.04401567586462729
3.7365353345438495,3.7206038316025873,0.01593150294126211,0.01593150294126211
3.705914656388821,3.700617934524922,0.005296721863898846,0.005296721863898846
3.72563225527386,3.6935371345214354,0.03209512075242449,0.03209512075242449
3.6842574817270246,3.6773471865533414,0.006910295173683245,0.006910295173683245
3.70993752977841,3.66633309704705,0.043604432731360276,0.043604432731360276
3.708330780587347,3.671163108820394,0.0371676717669529,0.0371676717669529
3.736775041317781,3.6924604544474753,0.04431458687030565,0.04431458687030565
3.781631546464673,3.809544572515802,-0.02791302605112911,0.02791302605112911
3.7313832755940513,3.6375387725121793,0.09384450308187198,0.09384450308187198
3.7066165679573193,3.673265836957397,0.03335073099992236,0.03335073099992236
3.7086570988494927,3.689479576283574,0.019177522565918537,0.019177522565918537
3.764039661915012,3.894393171533654,-0.1303535096186419,0.1303535096186419
3.694901151817249,3.6642734415461304,0.03062771027111877,0.03062771027111877
3.742603457643736,3.7429232064780056,-0.0003197488342694399,0.0003197488342694399
3.7176955276020047,3.705493237530168,0.012202290071836597,0.012202290071836597
3.701203409936204,3.6835205442967025,0.01768286563950161,0.01768286563950161
3.720313228975912,3.707689207609734,0.012624021366177907,0.012624021366177907
3.700514766836476,3.633438701474096,0.06707606536238009,0.06707606536238009
3.744591972430067,3.7043523398401947,0.040239632589872176,0.040239632589872176
3.751189510431289,3.731473275393329,0.01971623503796005,0.01971623503796005
3.728198025642907,3.742887770914271,-0.014689745271364352,0.014689745271364352
3.689397214190353,3.407885551221553,0.2815116629687999,0.2815116629687999
3.730344142869788,3.7048083157773983,0.025535827092389773,0.025535827092389773
3.723558411479549,3.7180451103639554,0.00551330111559345,0.00551330111559345
3.766702139947823,3.7946585061231155,-0.027956366175292402,0.027956366175292402
3.743037374576473,3.7249914512649367,0.018045923311536427,0.018045923311536427
3.7048606615045214,3.6672651316686777,0.03759552983584369,0.03759552983584369
3.7749525610103367,3.939545467912564,-0.1645929069022274,0.1645929069022274
3.748657058700606,3.7393446776021326,0.00931238109847321,0.00931238109847321
3.8512007596022393,3.589073812073555,0.26212694752868426,0.26212694752868426
3.771542824443889,3.83151337346693,-0.05997054902304111,0.05997054902304111
3.726856745402877,3.766776325972528,-0.03991958056965128,0.03991958056965128
3.7726267429436255,3.4642317797140296,0.3083949632295959,0.3083949632295959
3.6979692660278976,3.6477019627152387,0.05026730331265883,0.05026730331265883
3.7503787826440553,3.7307519852167124,0.019626797427342968,0.019626797427342968
3.733337765735932,3.6418730194897204,0.0914647462462117,0.0914647462462117
3.734554755584482,3.707028417014318,0.027526338570163844,0.027526338570163844
3.7176982397286102,3.713176638387282,0.004521601341328285,0.004521601341328285
3.716020831769832,3.699467736714335,0.016553095055496847,0.016553095055496847
3.694120133765107,3.659367683450446,0.03475245031466079,0.03475245031466079
3.707726876518521,3.7145204192499732,-0.006793542731452273,0.006793542731452273
3.71655200618852,3.7094620649838275,0.007089941204692529,0.007089941204692529
3.7278401348548313,3.7182448757164432,0.009595259138388101,0.009595259138388101
3.72604337646844,3.717147045348363,0.00889633112007715,0.00889633112007715
3.7054771954120223,3.6925706080720886,0.012906587339933662,0.012906587339933662
2.4619933205098063,2.3827537242827805,0.07923959622702581,0.07923959622702581
3.74069958233047,3.693349836431646,0.04734974589882368,0.04734974589882368
3.77163189890688,3.6387592512071896,0.13287264769969065,0.13287264769969065
3.698866412259562,3.665463507415668,0.033402904843893744,0.033402904843893744
3.704441942801783,3.701785526153831,0.002656416647952131,0.002656416647952131
3.73615140465922,3.7218305873613526,0.014320817297867272,0.014320817297867272
3.7356935072144246,3.7849929977126093,-0.04929949049818472,0.04929949049818472
3.807543582832709,3.9445396920705713,-0.1369961092378622,0.1369961092378622
3.7939170581225694,3.7701925325035384,0.023724525619031045,0.023724525619031045
3.731153642829544,3.678582189541966,0.05257145328757806,0.05257145328757806
3.775782693111,3.7329664518069903,0.04281624130400985,0.04281624130400985
3.72358036616784,3.6797343866989505,0.043845979468889684,0.043845979468889684
3.752152184273687,3.682922033358244,0.06923015091544293,0.06923015091544293
3.671081550573565,3.6592352079030372,0.011846342670527754,0.011846342670527754
3.736323797477798,3.6698624521124965,0.06646134536530157,0.06646134536530157
3.719034054548139,3.6920030532350863,0.027031001313052805,0.027031001313052805
3.781229180415557,3.7778675862265025,0.003361594189054351,0.003361594189054351
3.766060151113523,3.8665961776702895,-0.10053602655676652,0.10053602655676652
3.7423346815470455,3.7346345705127395,0.007700111034306012,0.007700111034306012
3.701870172840435,3.678636241763956,0.023233931076478864,0.023233931076478864
3.740882922063865,3.7441864582877735,-0.003303536223908665,0.003303536223908665
3.7243494996749074,3.7140747925500746,0.010274707124832805,0.010274707124832805
3.762557704136108,3.7907932900713788,-0.02823558593527098,0.02823558593527098
3.712649879676768,3.711918622747571,0.0007312569291970661,0.0007312569291970661
3.725297666826176,3.672354839432145,0.05294282739403089,0.05294282739403089
3.68207364506043,3.649739066944401,0.03233457811602891,0.03233457811602891
3.7307255793231087,3.6832036210874177,0.04752195823569094,0.04752195823569094
3.721598381173307,3.6861033997555777,0.03549498141772922,0.03549498141772922
3.8171434029557294,3.9188449678973667,-0.10170156494163729,0.10170156494163729
3.703139684013123,3.7010344980574326,0.002105185955690647,0.002105185955690647
3.754494123140729,3.7230017818026213,0.03149234133810763,0.03149234133810763
3.7634523109756985,3.7783700631868755,-0.014917752211176971,0.014917752211176971
3.709782922431656,3.669231696596616,0.04055122583504023,0.04055122583504023
3.725848302326004,3.6724724457893774,0.053375856536626465,0.053375856536626465
3.678838953472684,3.644517848567126,0.034321104905558286,0.034321104905558286
3.7072786819854446,3.6601092909262163,0.04716939105922835,0.04716939105922835
3.761305708647234,3.746131158295061,0.015174550352172744,0.015174550352172744
3.734477013726434,3.6520652855273066,0.08241172819912723,0.08241172819912723
3.793013251217313,3.8475671403063463,-0.05455388908903336,0.05455388908903336
3.714457940856529,3.6986663137975166,0.01579162705901238,0.01579162705901238
3.734555877262748,3.7446810394802665,-0.010125162217518469,0.010125162217518469
3.7408752341460447,3.7736886594301082,-0.0328134252840635,0.0328134252840635
3.705527914643497,3.6694578841051286,0.036070030538368325,0.036070030538368325
3.702656918842144,3.658430053677859,0.04422686516428476,0.04422686516428476
3.73981533001209,3.7662562175345804,-0.026440887522490186,0.026440887522490186
3.707337081080615,3.6556322258136382,0.05170485526697677,0.05170485526697677
3.700760271760786,3.6921195103163513,0.008640761444434819,0.008640761444434819
3.695180529505233,3.6575497968515904,0.037630732653642696,0.037630732653642696
3.750779510297759,3.73843132135679,0.012348188940968896,0.012348188940968896
3.749851425266405,3.711471353513016,0.038380071753388645,0.038380071753388645
3.725393887371695,3.703437283677127,0.021956603694567978,0.021956603694567978
3.773767695222864,3.7576253499766565,0.0161423452462075,0.0161423452462075
3.779952846361877,3.927098593266654,-0.14714574690477722,0.14714574690477722
2.52664226900586,2.4486553506126993,0.07798691839316074,0.07798691839316074
3.797024394916384,3.898467055389866,-0.10144266047348216,0.10144266047348216
3.774993231806031,3.4821503324034966,0.2928428994025345,0.2928428994025345
2.387379987643833,2.1419556195776015,0.24542436806623158,0.24542436806623158
3.733449413555909,3.7317810167372367,0.0016683968186721465,0.0016683968186721465
3.741458581789291,3.7182294269280027,0.023229154861288404,0.023229154861288404
3.682340754763301,3.6542364177334345,0.02810433702986659,0.02810433702986659
2.503574195858538,2.4421009150981514,0.061473280760386384,0.061473280760386384
3.728845206640302,3.7201035298502547,0.008741676790047226,0.008741676790047226
3.708851379762348,3.717078651385017,-0.008227271622669008,0.008227271622669008
3.744530759698006,3.7777553821138206,-0.033224622415814586,0.033224622415814586
3.718314058507592,3.7187905319499106,-0.00047647344231860345,0.00047647344231860345
3.7764231344561354,3.901651169298751,-0.1252280348426158,0.1252280348426158
3.771371529943431,3.612729246441443,0.15864228350198806,0.15864228350198806
3.738004234402462,3.7393170336463117,-0.0013127992438497493,0.0013127992438497493
3.5401560408346424,3.546926689493482,-0.006770648658839473,0.006770648658839473
3.7408406046694536,3.7216061211640996,0.01923448350535395,0.01923448350535395
3.766547295099122,3.8015593361889057,-0.03501204108978362,0.03501204108978362
3.7065012012282654,3.672330754865188,0.034170446363077644,0.034170446363077644
3.7203526920210783,3.7006544641404915,0.01969822788058684,0.01969822788058684
3.7162191451506783,3.756254526549189,-0.040035381398510594,0.040035381398510594
3.720522193666096,3.6737168857599993,0.046805307906096605,0.046805307906096605
3.768522994229414,3.616613546136646,0.15190944809276763,0.15190944809276763
3.734551740449681,3.698620035773986,0.03593170467569484,0.03593170467569484
3.725811662740688,3.733877757540409,-0.008066094799721313,0.008066094799721313
3.731100439268141,3.711931747596131,0.019168691672009963,0.019168691672009963
3.740634725311554,3.732140143232997,0.008494582078557134,0.008494582078557134
3.7139869597403794,3.756154096758409,-0.04216713701802943,0.04216713701802943
3.7224720210871305,3.737966187373671,-0.015494166286540434,0.015494166286540434
3.7064739567253833,3.6601993447905303,0.04627461193485294,0.04627461193485294
3.724237887710415,3.7530139132665776,-0.028776025556162654,0.028776025556162654
3.703291239573084,3.668010888046579,0.035280351526504994,0.035280351526504994
3.773962120031457,3.727080318736611,0.04688180129484598,0.04688180129484598
3.7962199444640894,3.6929569121000148,0.10326303236407464,0.10326303236407464
3.720251757255017,3.671713411962905,0.048538345292111984,0.048538345292111984
3.679369333022804,3.58563179472821,0.09373753829459375,0.09373753829459375
3.696432771062349,3.686543628703178,0.009889142359170933,0.009889142359170933
3.743480044248191,3.7425210195349954,0.0009590247131954222,0.0009590247131954222
3.683854077681128,3.6446360420259527,0.03921803565517523,0.03921803565517523
3.742071616783923,3.6842315496614084,0.05784006712251477,0.05784006712251477
3.76706401254846,3.9456707256727124,-0.17860671312425236,0.17860671312425236
3.707916667730609,3.6462052824965836,0.06171138523402542,0.06171138523402542
3.386487431185424,3.714024724071888,-0.32753729288646394,0.32753729288646394
3.776061604757792,3.5604426434582264,0.21561896129956581,0.21561896129956581
3.7088883486197246,3.7123499393147794,-0.003461590695054806,0.003461590695054806
3.7064113242,3.637459149753626,0.06895217444637369,0.06895217444637369
3.737803840920272,3.7536995813213743,-0.0158957404011022,0.0158957404011022
3.750128223351064,3.7260870945503526,0.02404112880071141,0.02404112880071141
3.6889695594704657,3.63064520949935,0.05832434997111546,0.05832434997111546
3.691183240775982,3.6230690782197112,0.06811416255627067,0.06811416255627067
3.710387280079478,3.7311445849385074,-0.02075730485902927,0.02075730485902927
3.7317285289786,3.7077471152136408,0.023981413764959214,0.023981413764959214
3.7791247877667233,3.691960308071748,0.08716447969497532,0.08716447969497532
3.742314181507629,3.7224198554772365,0.019894326030392318,0.019894326030392318
3.737977911246351,3.7728562253692495,-0.034878314122898324,0.034878314122898324
3.746314964784387,3.7500114623942005,-0.0036964976098134983,0.0036964976098134983
3.774960888034365,3.632734440049221,0.1422264479851436,0.1422264479851436
3.7418603124016623,3.7404606239675418,0.0013996884341205273,0.0013996884341205273
3.6914275160240417,3.6788342508244645,0.012593265199577264,0.012593265199577264
3.729306132778373,3.7682534173636566,-0.038947284585283626,0.038947284585283626
3.732355731789753,3.7154386223648,0.016917109424952947,0.016917109424952947
3.777563624205593,3.756837968098925,0.02072565610666821,0.02072565610666821
3.706178076695408,3.652951875034307,0.05322620166110115,0.05322620166110115
3.7619150906528,3.7166548642065558,0.04526022644624428,0.04526022644624428
3.729558900419228,3.7182400798521416,0.01131882056708644,0.01131882056708644
3.772971994531647,3.784725204027137,-0.011753209495489969,0.011753209495489969
3.711715156465323,3.678094281928215,0.0336208745371076,0.0336208745371076
3.698222536455825,3.6723700082824893,0.02585252817333572,0.02585252817333572
3.7394248320766543,3.7407822993835707,-0.0013574673069163268,0.0013574673069163268
3.7099001681245447,3.6947981079337406,0.015102060190804067,0.015102060190804067
3.7586004160993087,3.7297130313300166,0.02888738476929209,0.02888738476929209
3.689305331060039,3.6557846066245085,0.03352072443553045,0.03352072443553045
3.7648892103471385,3.7894373938625407,-0.024548183515402222,0.024548183515402222
3.7038984843391662,3.6955024352444776,0.008396049094688607,0.008396049094688607
3.754236054792686,3.720836000611384,0.033400054181301986,0.033400054181301986
3.728512366320802,3.811003286481508,-0.08249092016070625,0.08249092016070625
3.752065229570465,3.710009680957538,0.04205554861292704,0.04205554861292704
3.708130824378564,3.684708038213509,0.023422786165054887,0.023422786165054887
3.7428371044784,3.771927075671748,-0.029089971193347886,0.029089971193347886
3.702187186754081,3.7467241265997724,-0.0445369398456914,0.0445369398456914
3.723039979984458,3.6802582769144245,0.04278170307003348,0.04278170307003348
3.772277338584387,3.5777334402690073,0.19454389831537977,0.19454389831537977
3.711053369857953,3.7129135015966197,-0.001860131738666837,0.001860131738666837
3.6987419539147455,3.689822831512418,0.008919122402327506,0.008919122402327506
3.694497293724108,3.677613932717117,0.01688336100699095,0.01688336100699095
3.748702963199207,3.765299537340781,-0.016596574141574116,0.016596574141574116
3.7364206614876982,3.7201096090682046,0.0163110524194936,0.0163110524194936
3.766929603446565,3.786186438353167,-0.019256834906602016,0.019256834906602016
3.703997797092735,3.668025866928585,0.03597193016415012,0.03597193016415012
3.7892843137998176,3.6613367151867537,0.12794759861306382,0.12794759861306382
3.7069687973143295,3.659434330797781,0.04753446651654869,0.04753446651654869
3.7227208805128953,3.6994698450652774,0.023251035447617863,0.023251035447617863
3.7398779814428176,3.7355595543623883,0.004318427080429288,0.004318427080429288
3.716303441628543,3.7109409429697564,0.005362498658786574,0.005362498658786574
3.6769901099172615,3.772628585710106,-0.09563847579284435,0.09563847579284435
3.862255434435181,3.9246411861890276,-0.06238575175384664,0.06238575175384664
3.69857387464306,3.676828319762779,0.02174555488028096,0.02174555488028096
3.698159554014504,3.6472554973907783,0.05090405662372577,0.05090405662372577
3.7341360300562023,3.7292658559312377,0.004870174124964599,0.004870174124964599
3.726390201550441,3.755945269301974,-0.02955506775153305,0.02955506775153305
3.736380345544183,3.7589659424160984,-0.022585596871915303,0.022585596871915303
3.7008982079146,3.698972158625183,0.0019260492894166426,0.0019260492894166426
1.7188516405711782,3.5200515418774003,-1.801199901306222,1.801199901306222
3.7569246349961767,3.7331487610934206,0.02377587390275604,0.02377587390275604
3.707517653843473,3.6856269997475244,0.02189065409594848,0.02189065409594848
3.736244070697812,3.666055113426943,0.07018895727086916,0.07018895727086916
3.712463627119472,3.6515737009945455,0.0608899261249265,0.0608899261249265
3.682401403210221,3.6101251138165624,0.07227628939365838,0.07227628939365838
3.7886409324830983,3.798822698017111,-0.010181765534012843,0.010181765534012843
3.747117419762276,3.7949672805315364,-0.047849860769260566,0.047849860769260566
3.725438365038502,3.7181961402963104,0.007242224742191716,0.007242224742191716
2.9211101186456703,3.5510573697126326,-0.6299472510669624,0.6299472510669624
3.78322403508191,3.5924137639025058,0.1908102711794042,0.1908102711794042
3.787611178376149,3.923290188941971,-0.1356790105658221,0.1356790105658221
3.715649643578316,3.6645564188177366,0.051093224760579314,0.051093224760579314
3.731370931283721,3.686009172883983,0.045361758399737884,0.045361758399737884
3.7387540914267055,3.6965232482605104,0.042230843166195076,0.042230843166195076
3.7491719817391176,3.721916164259995,0.027255817479122424,0.027255817479122424
3.723460509199106,3.6944905729789417,0.028969936220164527,0.028969936220164527
3.7303590588831255,3.674855491073391,0.055503567809734644,0.055503567809734644
3.7660239114301968,3.5241211830629373,0.24190272836725946,0.24190272836725946
3.763546841449042,3.7097394853889276,0.05380735606011422,0.05380735606011422
3.6835893504959394,3.637900549324584,0.04568880117135521,0.04568880117135521
3.687762839476693,3.6546378711454524,0.033124968331240456,0.033124968331240456
3.7270336782114977,3.679993512777277,0.047040165434220516,0.047040165434220516
3.740275355010245,3.699413681555511,0.04086167345473424,0.04086167345473424
3.7149809230021273,3.673125810968799,0.04185511203332837,0.04185511203332837
3.736567471827888,3.739839165189219,-0.0032716933613312627,0.0032716933613312627
3.774240702876498,3.8051413014432787,-0.030900598566780513,0.030900598566780513
3.6548789214947233,3.6375536598594502,0.017325261635273037,0.017325261635273037
3.7180594658921935,3.7561148580113524,-0.03805539211915887,0.03805539211915887
3.822667355712024,3.7924331423772477,0.03023421333477616,0.03023421333477616
3.7423072193045934,3.7063127008188137,0.035994518485779725,0.035994518485779725
3.728642252776989,3.7596361829684746,-0.030993930191485664,0.030993930191485664
3.7491667790102334,3.760189004279273,-0.01102222526903951,0.01102222526903951
3.711313133755227,3.662534881515923,0.0487782522393041,0.0487782522393041
3.7062770710793775,3.679604061293515,0.02667300978586251,0.02667300978586251
3.776103939784575,3.6674496844713436,0.10865425531323147,0.10865425531323147
2.053848652566791,2.0167775841479116,0.03707106841887953,0.03707106841887953
3.671798807206159,3.6163540649264303,0.05544474227972884,0.05544474227972884
3.7359859938475486,3.683252513125343,0.05273348072220552,0.05273348072220552
3.7287129770095233,3.7053481759775484,0.023364801031974913,0.023364801031974913
3.746771489605316,3.7339335624572,0.012837927148116268,0.012837927148116268
3.757178265652177,3.7330502245923594,0.024128041059817473,0.024128041059817473
3.710482855325734,3.6833542537681505,0.027128601557583565,0.027128601557583565
3.765196386921273,3.6837638235513834,0.08143256336988935,0.08143256336988935
3.698265338295875,3.6535050546460126,0.0447602836498624,0.0447602836498624
3.71091134380492,3.6505575365756964,0.060353807229223566,0.060353807229223566
3.7561390166724618,3.7654217867548323,-0.00928277008237055,0.00928277008237055
3.731188960455529,3.7224315605951253,0.00875739986040358,0.00875739986040358
3.722318658345036,3.6821124891121917,0.04020616923284415,0.04020616923284415
3.8004436442085536,3.896886269647549,-0.0964426254389954,0.0964426254389954
3.758513664510527,3.758916149146923,-0.00040248463639613874,0.00040248463639613874
3.731703930578965,3.7582819739941606,-0.02657804341519565,0.02657804341519565
3.753330844395888,3.6513702553773535,0.10196058901853444,0.10196058901853444
1.6977385278852992,3.4877685500696205,-1.7900300221843213,1.7900300221843213
3.726654983881328,3.653540630935439,0.07311435294588886,0.07311435294588886
3.6737718735673086,3.6737558415931453,1.6031974163333018e-05,1.6031974163333018e-05
2.80102398308346,3.2779384899294626,-0.4769145068460028,0.4769145068460028
2.425651905141435,2.261626386968913,0.16402551817252187,0.16402551817252187
3.722244379877195,3.6440083978019695,0.07823598207522542,0.07823598207522542
3.7000860831167617,3.6959514128546473,0.004134670262114337,0.004134670262114337
3.699864676844751,3.6575198876055035,0.04234478923924767,0.04234478923924767
3.725789807705627,3.758166634089124,-0.032376826383496926,0.032376826383496926
3.703822977946102,3.712403233247931,-0.00858025530182882,0.00858025530182882
3.698435232268938,3.6664973626195994,0.03193786964933887,0.03193786964933887
3.738907352816079,3.7099753257551273,0.02893202706095188,0.02893202706095188
3.714824046924072,3.711221754935113,0.0036022919889586724,0.0036022919889586724
3.743143461118044,3.7329274628051947,0.010215998312849361,0.010215998312849361
3.3540149882901886,3.6383261448410615,-0.2843111565508729,0.2843111565508729
3.781558979881955,3.763421301370035,0.018137678511920274,0.018137678511920274
3.714596224413664,3.6987076143242845,0.015888610089379362,0.015888610089379362
3.7112982676146,3.7012599444791885,0.010038323135411531,0.010038323135411531
3.74713651059941,3.719768568216641,0.027367942382769073,0.027367942382769073
3.6968661060075583,3.704301225567225,-0.007435119559666692,0.007435119559666692
3.7238585677462313,3.7245969376835224,-0.0007383699372911501,0.0007383699372911501
3.716888326453465,3.676969904575955,0.039918421877509935,0.039918421877509935
3.7318742265503575,3.666512500209083,0.06536172634127446,0.06536172634127446
3.691347515967299,3.6361361646511967,0.05521135131610233,0.05521135131610233
3.712606583006871,3.6651809269937723,0.04742565601309856,0.04742565601309856
3.784182861158501,3.8345464635179094,-0.05036360235940851,0.05036360235940851
3.733659710931236,3.674157064556233,0.05950264637500302,0.05950264637500302
3.791465865997565,3.731941562925948,0.059524303071616824,0.059524303071616824
3.733164255992925,3.7160985993947566,0.01706565659816839,0.01706565659816839
3.7375274421218494,3.702409034415098,0.03511840770675123,0.03511840770675123
3.73983977700415,3.706032364799547,0.033807412204602816,0.033807412204602816
3.758648257369953,3.729902807054711,0.028745450315241783,0.028745450315241783
3.794080948839051,3.748522489954989,0.04555845888406207,0.04555845888406207
3.718641205504008,3.6377229778558213,0.08091822764818657,0.08091822764818657
3.726100379804936,3.708950159177014,0.017150220627922153,0.017150220627922153
3.736289460937854,3.70252591163707,0.03376354930078396,0.03376354930078396
3.728034365373316,3.805194308639186,-0.07715994326586983,0.07715994326586983
3.727146189059564,3.7319194766833164,-0.004773287623752509,0.004773287623752509
3.757161854287383,3.732561562755628,0.024600291531755136,0.024600291531755136
3.718501117937954,3.7342520831880495,-0.01575096525009556,0.01575096525009556
3.7650374644882265,3.749319228163699,0.015718236324527624,0.015718236324527624
3.7014961742451336,3.6900475005644306,0.011448673680702903,0.011448673680702903
3.706212841591602,3.6672485393432566,0.03896430224834546,0.03896430224834546
3.705979970133345,3.7138083769833825,-0.007828406850037606,0.007828406850037606
3.722006558814616,3.66637822798056,0.05562833083405572,0.05562833083405572
3.725790852504325,3.673193527048343,0.052597325455981725,0.052597325455981725
3.727094773626614,3.7032400807901396,0.023854692836474456,0.023854692836474456
3.684107058407213,3.6495376012698637,0.03456945713734916,0.03456945713734916
3.712915889721892,3.713449269697067,-0.0005333799751752188,0.0005333799751752188
3.729622516661917,3.735917902888765,-0.006295386226847999,0.006295386226847999
3.7434371924597207,3.716701562101594,0.02673563035812654,0.02673563035812654
3.716828107179355,3.695798564445098,0.021029542734257056,0.021029542734257056
3.772888368558733,3.780713488764667,-0.007825120205934066,0.007825120205934066
3.7156868959134783,3.72618610243796,-0.010499206524481774,0.010499206524481774
3.748536253465959,3.742230084082053,0.006306169383905935,0.006306169383905935
3.7455446557017313,3.6756893851838512,0.0698552705178801,0.0698552705178801
3.7312022828857048,3.715514779070446,0.01568750381525863,0.01568750381525863
3.712799830027738,3.7349462662850392,-0.022146436257301172,0.022146436257301172
3.7193934953317975,3.695089644222017,0.024303851109780616,0.024303851109780616
3.7981813217917626,3.826335265613566,-0.028153943821803473,0.028153943821803473
3.720269087447347,3.711986104450175,0.008282982997172006,0.008282982997172006
3.657186219538339,3.62199798623901,0.035188233299328964,0.035188233299328964
3.804064739511368,3.929370184561743,-0.12530544505037478,0.12530544505037478
3.7297147739669816,3.6702713647064464,0.05944340926053515,0.05944340926053515
3.709412917070785,3.7178004509283626,-0.008387533857577623,0.008387533857577623
3.730822028454911,3.7356006922279277,-0.0047786637730165005,0.0047786637730165005
3.7305117178568032,3.693831170181622,0.03668054767518125,0.03668054767518125
3.709725112615242,3.6618888864819006,0.0478362261333416,0.0478362261333416
3.731786805314518,3.736580450639538,-0.004793645325020357,0.004793645325020357
3.785685291303259,3.790453801644266,-0.004768510341007115,0.004768510341007115
3.695953640410192,3.667040083021884,0.028913557388307698,0.028913557388307698
3.6976169244776855,3.662783493415455,0.03483343106223069,0.03483343106223069
3.760702310486711,3.663454939928698,0.09724737055801302,0.09724737055801302
3.7236367873939273,3.786225791044604,-0.06258900365067666,0.06258900365067666
3.721274685189158,3.725291540469102,-0.004016855279943776,0.004016855279943776
3.713184384916448,3.687580640580165,0.025603744336283096,0.025603744336283096
3.72406374963227,3.7209026283887914,0.0031611212434787817,0.0031611212434787817
3.709214818049756,3.6628350331128723,0.04637978493688388,0.04637978493688388
3.7726819002228487,3.627370449011282,0.14531145121156674,0.14531145121156674
3.777379586454847,3.826323795712485,-0.04894420925763798,0.04894420925763798
3.719043732456694,3.7182543618332544,0.0007893706234396447,0.0007893706234396447
3.778274399367669,3.7386149701825837,0.03965942918508514,0.03965942918508514
3.766611762200458,3.692722584266455,0.07388917793400296,0.07388917793400296
2.742207749413329,3.078848387024345,-0.33664063761101604,0.33664063761101604
3.734481197044908,3.725802411922846,0.008678785122062216,0.008678785122062216
3.707411182707541,3.686699115809331,0.020712066898210146,0.020712066898210146
3.741481294443123,3.7352508461561036,0.006230448287019463,0.006230448287019463
3.710805616307456,3.678348419900762,0.03245719640669398,0.03245719640669398
1.698624615637324,3.3493137204370953,-1.6506891047997714,1.6506891047997714
3.720502471563742,3.6894959561172613,0.031006515446480698,0.031006515446480698
3.718086157565527,3.720106971195185,-0.0020208136296582246,0.0020208136296582246
2.976750210583249,3.603944291676583,-0.6271940810933341,0.6271940810933341
3.7275676734505865,3.731428555206387,-0.0038608817558003494,0.0038608817558003494
3.759860223064021,3.718927344810192,0.040932878253828964,0.040932878253828964
3.732243769960517,3.712500396379148,0.019743373581369017,0.019743373581369017
2.0226439858324192,1.8235671974157592,0.19907678841666,0.19907678841666
3.730084314366625,3.758786099486843,-0.028701785120218037,0.028701785120218037
3.7289290056601576,3.6269752935568422,0.10195371210331539,0.10195371210331539
3.705060527220408,3.653611989128899,0.051448538091508844,0.051448538091508844
3.822497045728521,3.7506346635620895,0.07186238216643126,0.07186238216643126
3.685263688667055,3.7002414468809532,-0.014977758213898351,0.014977758213898351
3.775592907397672,3.6760871114283726,0.09950579596929954,0.09950579596929954
3.775896960617288,3.662677927248724,0.11321903336856387,0.11321903336856387
3.7231211339608503,3.726259265829068,-0.003138131868217542,0.003138131868217542
2.121438426618029,2.11251904771179,0.00891937890623895,0.00891937890623895
3.74061413200841,3.7705408011949464,-0.029926669186536525,0.029926669186536525
3.721704984920802,3.722706040447282,-0.0010010555264798882,0.0010010555264798882
3.707960952514937,3.677700672334005,0.030260280180931964,0.030260280180931964
3.7614417436573575,3.7409353972154538,0.020506346441903744,0.020506346441903744
3.732088137149175,3.7239882390922188,0.008099898056956434,0.008099898056956434
3.7342701767830855,3.7073382693264865,0.026931907456599014,0.026931907456599014
3.709906780188369,3.7146890641430748,-0.004782283954705591,0.004782283954705591
3.7131456210424982,3.7350247752295607,-0.021879154187062433,0.021879154187062433
3.7647753127405066,3.799276166059783,-0.03450085331927655,0.03450085331927655
3.7304866936372543,3.7299353647303355,0.0005513289069187799,0.0005513289069187799
3.679825797274699,3.6481195374942823,0.031706259780416524,0.031706259780416524
3.71659499060156,3.678558912182265,0.038036078419295016,0.038036078419295016
3.71457789946152,3.7297651323189234,-0.015187232857403199,0.015187232857403199
3.731606714063209,3.72264279494969,0.008963919113519125,0.008963919113519125
3.805214404004019,4.076387483755449,-0.27117307975142957,0.27117307975142957
3.719997211141166,3.6937973993927926,0.02619981174837349,0.02619981174837349
3.768382875071661,3.786014689027705,-0.017631813956044073,0.017631813956044073
3.775615890916965,3.6652787176193127,0.11033717329765214,0.11033717329765214
3.6613599523761575,3.6736832672730264,-0.012323314896868887,0.012323314896868887
3.72597978332921,3.7088036942432807,0.01717608908592938,0.01717608908592938
3.7579754882987566,3.678285636382405,0.0796898519163518,0.0796898519163518
3.779349394925909,3.7544003715772445,0.024949023348664667,0.024949023348664667
3.771521613652777,3.609782143765959,0.16173946988681775,0.16173946988681775
3.750481952511428,3.707812071821621,0.04266988068980693,0.04266988068980693
3.728081962967432,3.7469552205630547,-0.01887325759562275,0.01887325759562275
3.735703735094682,3.7055120788887836,0.030191656205898365,0.030191656205898365
3.713133085257732,3.701345290150179,0.011787795107553123,0.011787795107553123
3.709741451029199,3.663579503656369,0.04616194737283008,0.04616194737283008
3.797488681857127,3.853349473654739,-0.05586079179761194,0.05586079179761194
3.6973475743699713,3.658495568889466,0.03885200548050527,0.03885200548050527
3.786362854924362,3.8992224264544735,-0.1128595715301115,0.1128595715301115
3.7310433342148506,3.702437969051328,0.028605365163522745,0.028605365163522745
3.7705715577085632,3.717791627687537,0.0527799300210261,0.0527799300210261
3.7465226612703786,3.732714107925891,0.013808553344487606,0.013808553344487606
3.775803424274213,4.156246240941825,-0.38044281666761215,0.38044281666761215
3.792071401370378,3.7264846322286944,0.06558676914168338,0.06558676914168338
3.7376354195519728,3.677949962419932,0.059685457132040654,0.059685457132040654
3.763676704336968,3.6933145717820888,0.07036213255487933,0.07036213255487933
3.708072307050407,3.661989343751491,0.046082963298915924,0.046082963298915924
3.740238708793366,3.6524238386662087,0.08781487012715727,0.08781487012715727
3.727912063354079,3.723691829571288,0.004220233782791016,0.004220233782791016
3.717491704747966,3.739218774324697,-0.021727069576730873,0.021727069576730873
3.846035647906749,3.577922065455092,0.26811358245165673,0.26811358245165673
3.7049974463544006,3.654939375973863,0.05005807038053778,0.05005807038053778
3.6947425769847655,3.6408350108660588,0.05390756611870673,0.05390756611870673
3.7181341587295953,3.6930769839459843,0.025057174783611025,0.025057174783611025
3.712037124553024,3.655189903335333,0.056847221217691146,0.056847221217691146
3.765269212630399,3.730466683767615,0.03480252886278423,0.03480252886278423
3.709835463395076,3.662778075180964,0.047057388214112095,0.047057388214112095
3.6286555991747456,3.6240411464872033,0.0046144526875422365,0.0046144526875422365
3.745472980450592,3.863893528610034,-0.11842054815944181,0.11842054815944181
3.759046399186272,3.75456125337416,0.0044851458121120125,0.0044851458121120125
3.72736116629369,3.6869095887912753,0.04045157750241479,0.04045157750241479
3.762644675682488,3.7934640806348425,-0.030819404952354468,0.030819404952354468
3.761577424193476,3.7792307273008916,-0.017653303107415752,0.017653303107415752
3.805992346151069,3.8706805834300173,-0.06468823727894835,0.06468823727894835
3.7308704884063935,3.704747912851486,0.026122575554907268,0.026122575554907268
3.704324757803203,3.644275320951441,0.06004943685176212,0.06004943685176212
3.764784713693252,3.5938761198270037,0.17090859386624846,0.17090859386624846
3.7324949376328016,3.7110395305936223,0.021455407039179253,0.021455407039179253
3.844250464306422,3.7924742529582596,0.05177621134816235,0.05177621134816235
3.783751485280504,3.5081995945553954,0.27555189072510844,0.27555189072510844
3.70400890225777,3.704266968427712,-0.00025806616994206166,0.00025806616994206166
3.720322781735073,3.7354915242947655,-0.015168742559692472,0.015168742559692472
3.73114392614588,3.727135137652427,0.004008788493452986,0.004008788493452986
3.7766250011078526,3.736008544513836,0.0406164565940168,0.0406164565940168
1.6453677378495466,3.037870401750987,-1.3925026639014404,1.3925026639014404
1.984948630457318,1.6904392826635,0.2945093477938181,0.2945093477938181
3.797075105049993,3.799707240181644,-0.002632135131650948,0.002632135131650948
3.70696874887536,3.66329963533673,0.04366911353863001,0.04366911353863001
3.673211358412758,3.644365703582914,0.028845654829844136,0.028845654829844136
3.7125651584841073,3.6826682580224457,0.029896900461661602,0.029896900461661602
2.051431347086684,1.890127570424977,0.16130377666170692,0.16130377666170692
3.716765808942135,3.751834074647393,-0.03506826570525767,0.03506826570525767
3.7501930905524263,3.7175986518458557,0.03259443870657064,0.03259443870657064
3.720069770053676,3.6976657623599283,0.02240400769374773,0.02240400769374773
3.730471492168987,3.7103599173850546,0.02011157478393244,0.02011157478393244
3.727596415509807,3.701546643515035,0.026049771994772097,0.026049771994772097
3.7120509132154265,3.6454399085351112,0.06661100468031522,0.06661100468031522
3.766364780107436,3.7075057144316217,0.058859065675814115,0.058859065675814115
3.712232750471805,3.6969850046155415,0.015247745856263428,0.015247745856263428
3.7562673965622446,3.674069974502368,0.08219742205987668,0.08219742205987668
3.7292187218395183,3.6810074187277033,0.048211303111814985,0.048211303111814985
3.7394983268882616,3.7633232463803057,-0.023824919492044128,0.023824919492044128
3.704358957508616,3.678541320511285,0.02581763699733086,0.02581763699733086
3.765895780456224,3.6795110761554986,0.08638470430072553,0.08638470430072553
3.829478943146578,3.7733697313448085,0.05610921180176964,0.05610921180176964
3.746974709827443,3.707725107722231,0.03924960210521178,0.03924960210521178
3.68950366131644,3.6777996354344755,0.011704025881964508,0.011704025881964508
3.735413368366457,3.725104823610086,0.01030854475637133,0.01030854475637133
2.013070016934642,1.8651944388124795,0.14787557812216257,0.14787557812216257
3.7561095769613617,3.7587601123694134,-0.002650535408051713,0.002650535408051713
3.684428074812633,3.630379153186937,0.05404892162569608,0.05404892162569608
3.69840916684654,3.6570959628280755,0.0413132040184645,0.0413132040184645
3.790651245822769,3.789594037351174,0.0010572084715949615,0.0010572084715949615
3.730460248194493,3.7370682565142457,-0.006608008319752834,0.006608008319752834
2.9649072701722345,3.6264920523822815,-0.6615847822100469,0.6615847822100469
3.727066099378989,3.7098063348205903,0.017259764558398505,0.017259764558398505
3.7391298380625178,3.707571534156535,0.031558303905982577,0.031558303905982577
3.7565419879227706,3.764425736555372,-0.007883748632601328,0.007883748632601328
3.721438386656395,3.683239463560931,0.03819892309546402,0.03819892309546402
3.699827182736036,3.686909267581057,0.012917915154979198,0.012917915154979198
3.783661933846113,3.769770157169349,0.01389177667676389,0.01389177667676389
3.693811349291417,3.6605616670307715,0.0332496822606454,0.0332496822606454
3.723904473462758,3.745701653610812,-0.021797180148054096,0.021797180148054096
3.77443954115896,3.7328260475782518,0.041613493580708205,0.041613493580708205
3.7764978003115175,3.7618292638954816,0.014668536416035938,0.014668536416035938
3.688652953901519,3.6894892567148068,-0.000836302813287837,0.000836302813287837
3.713232594352784,3.701702765159483,0.011529829193301033,0.011529829193301033
3.752628027636889,3.705275558253833,0.04735246938305604,0.04735246938305604
3.77501246094752,3.965441522182934,-0.19042906123541403,0.19042906123541403
3.736423279501647,3.743218102520372,-0.006794823018724916,0.006794823018724916
3.7370494246328505,3.766791201551829,-0.029741776918978502,0.029741776918978502
3.715523400445567,3.6838146679142345,0.03170873253133255,0.03170873253133255
3.7266334826803895,3.7885158611611796,-0.061882378480790035,0.061882378480790035
3.640381327033156,3.6173027287208313,0.02307859831232495,0.02307859831232495
3.698118853613992,3.6783538768309927,0.019764976782999266,0.019764976782999266
3.731046605866083,3.7544867489993625,-0.023440143133279356,0.023440143133279356
3.771263770732415,3.4272492944969906,0.34401447623542447,0.34401447623542447
3.663198583849045,3.7015386673404294,-0.03834008349138429,0.03834008349138429
3.7662274954029193,3.8450967470076853,-0.07886925160476599,0.07886925160476599
3.7157488433457337,3.6842400673798337,0.03150877596590007,0.03150877596590007
3.719533537767948,3.683113119823475,0.03642041794447337,0.03642041794447337
3.696209492252146,3.656002307060526,0.04020718519161992,0.04020718519161992
3.7014442959207576,3.675448678568553,0.02599561735220446,0.02599561735220446
3.707941116628159,3.6694419079742397,0.038499208653919315,0.038499208653919315
3.756167632909476,3.7477696596405115,0.00839797326896452,0.00839797326896452
3.7205454183348072,3.688964968388975,0.03158044994583209,0.03158044994583209
3.6978919971358346,3.694248367756573,0.003643629379261437,0.003643629379261437
3.731594580940069,3.6878217638794455,0.043772817060623304,0.043772817060623304
3.741195774722066,3.6992233210680423,0.04197245365402358,0.04197245365402358
3.713598937051524,3.7609709114025307,-0.047371974351006596,0.047371974351006596
3.7990888947705423,3.8043630717313524,-0.005274176960810006,0.005274176960810006
3.743735460070782,3.7526640960908044,-0.008928636020022473,0.008928636020022473
3.6978247527596615,3.6395074837909545,0.05831726896870704,0.05831726896870704
3.734190584375744,3.748472536016722,-0.014281951640978008,0.014281951640978008
3.72370271677984,3.713809213295954,0.009893503483886068,0.009893503483886068
3.755498751137552,3.7442259882459723,0.011272762891579635,0.011272762891579635
3.6880980721780823,3.630876462873151,0.05722160930493114,0.05722160930493114
3.7477502656554487,3.6963208741455102,0.051429391509938416,0.051429391509938416
3.700293974298224,3.666762674409623,0.03353129988860104,0.03353129988860104
3.7249420572513854,3.708552910127635,0.01638914712375028,0.01638914712375028
3.723720641491594,3.7193679851358574,0.004352656355736784,0.004352656355736784
1.6563893111404648,2.9925357076659247,-1.3361463965254599,1.3361463965254599
3.7532978498346794,3.6935045159488626,0.05979333388581676,0.05979333388581676
3.703581037777216,3.681314936004729,0.022266101772487,0.022266101772487
3.719368535482758,3.714126950505003,0.005241584977754954,0.005241584977754954
3.7245413636289935,3.681352035556971,0.04318932807202236,0.04318932807202236
3.6854043159797953,3.6344024010526934,0.05100191492710193,0.05100191492710193
3.698179973713704,3.6842883063268332,0.013891667386870754,0.013891667386870754
3.7691125246382553,3.7529754777982607,0.016137046839994618,0.016137046839994618
3.716785210687501,3.702869008106008,0.013916202581492954,0.013916202581492954
3.704888096087032,3.671274598221446,0.033613497865585984,0.033613497865585984
3.772435886270189,3.747943366032061,0.02449252023812809,0.02449252023812809
3.7510764278376354,3.6772479348302567,0.0738284930073787,0.0738284930073787
3.732474236809943,3.7328959358662184,-0.00042169905627531534,0.00042169905627531534
3.7711436049806286,3.790927292871713,-0.019783687891084423,0.019783687891084423
3.721710516237185,3.7261854917214325,-0.00447497548424769,0.00447497548424769
3.800179844044389,3.878945585721425,-0.07876574167703598,0.07876574167703598
3.723388278263836,3.7093034067318027,0.014084871532033194,0.014084871532033194
3.708615573481993,3.669404172275662,0.03921140120633115,0.03921140120633115
3.740049847082514,3.7594623055724803,-0.019412458489966422,0.019412458489966422
3.780531769401855,3.399375485175216,0.38115628422663894,0.38115628422663894
3.7021958376627793,3.68701155608889,0.01518428157388918,0.01518428157388918
3.747653764726104,3.764415033852016,-0.016761269125912026,0.016761269125912026
3.7239891748767726,3.697647659730023,0.02634151514674965,0.02634151514674965
3.7141325939975576,3.652791548939803,0.061341045057754506,0.061341045057754506
3.741497371172743,3.6839939131701214,0.05750345800262169,0.05750345800262169
3.717166030225995,3.714627038343444,0.0025389918825506896,0.0025389918825506896
3.723697288255558,3.7347817769092235,-0.011084488653665403,0.011084488653665403
3.7437343297015886,3.8057257208285296,-0.061991391126940965,0.061991391126940965
3.721975839495874,3.7527407887824538,-0.03076494928657958,0.03076494928657958
3.741074268328344,3.696466914748286,0.044607353580058184,0.044607353580058184
3.715488849999904,3.719838090846816,-0.004349240846912128,0.004349240846912128
3.763436433328276,3.7344327538607485,0.029003679467527466,0.029003679467527466
3.7280694278204543,3.697775114967036,0.030294312853418326,0.030294312853418326
3.723289983427633,3.757123290930901,-0.033833307503268184,0.033833307503268184
3.698448725225674,3.6761598305412377,0.0222888946844364,0.0222888946844364
3.801527107328761,3.83937418081378,-0.0378470734850187,0.0378470734850187
3.731208118212056,3.7077627438401373,0.023445374371918515,0.023445374371918515
3.777740002738631,3.8499848589958843,-0.07224485625725308,0.07224485625725308
3.6627110328162367,3.6296718292397583,0.03303920357647838,0.03303920357647838
1.941282727792477,1.5677076326588808,0.3735750951335961,0.3735750951335961
3.712870428693564,3.6532859274213663,0.05958450127219761,0.05958450127219761
3.7613153550861904,3.842549537530035,-0.08123418244384473,0.08123418244384473
3.755180615758351,3.7702686039275175,-0.015087988169166344,0.015087988169166344
3.732715424698978,3.730016605782432,0.0026988189165457754,0.0026988189165457754
3.771582470142891,3.8599227566018715,-0.08834028645898062,0.08834028645898062
3.71825926926685,3.6963238293666114,0.021935439900238496,0.021935439900238496
3.7448823220278538,3.730460111357547,0.01442221067030669,0.01442221067030669
3.74680405266692,3.690693693049446,0.05611035961747435,0.05611035961747435
3.73192022562144,3.7838051316521604,-0.05188490603072049,0.05188490603072049
3.727446186196674,3.7107827321993576,0.016663453997316502,0.016663453997316502
3.672658438913199,3.703818996308409,-0.031160557395210287,0.031160557395210287
3.780506115701479,3.6255663703841035,0.15493974531737553,0.15493974531737553
3.717760528234304,3.7052079909002873,0.012552537334016733,0.012552537334016733
2.5897964359647987,2.7578859506136673,-0.16808951464886857,0.16808951464886857
3.742110765820948,3.6488396346336156,0.09327113118733221,0.09327113118733221
3.726839954436396,3.6897243398391306,0.037115614597265534,0.037115614597265534
3.7467552779532554,3.794033226250784,-0.04727794829752874,0.04727794829752874
3.694508840310645,3.696124860205259,-0.0016160198946142401,0.0016160198946142401
3.676116050497727,3.629787436158965,0.04632861433876201,0.04632861433876201
3.72086917462942,3.753712320908039,-0.03284314627861917,0.03284314627861917
3.775862796083293,3.7018182315183283,0.07404456456496478,0.07404456456496478
3.7295314097798458,3.7073982786340665,0.022133131145779306,0.022133131145779306
3.69392860393264,3.651903504821061,0.042025099111579145,0.042025099111579145
3.7342003000448174,3.744747129408273,-0.010546829363455412,0.010546829363455412
3.700943735402917,3.6585565926156716,0.04238714278724531,0.04238714278724531
3.760704642052914,3.7576108830560906,0.0030937589968234036,0.0030937589968234036
3.71944250339086,3.7103214427317375,0.009121060659122548,0.009121060659122548
3.7434256353741615,3.765679825870474,-0.022254190496312276,0.022254190496312276
3.73464655577192,3.701401158012246,0.033245397759674056,0.033245397759674056
3.734302319426552,3.711889357661201,0.022412961765351014,0.022412961765351014
3.7164440887343546,3.7067522013940777,0.009691887340276928,0.009691887340276928
3.800886980485163,3.8877460858152015,-0.08685910533003849,0.08685910533003849
3.7364841286296766,3.72372910149194,0.012755027137736796,0.012755027137736796
3.775976696028788,3.7604724871948325,0.015504208833955424,0.015504208833955424
3.7453265004206986,3.7050234143291116,0.04030308609158695,0.04030308609158695
3.796093772613169,3.75381566251295,0.04227811010021876,0.04227811010021876
3.7364929100088777,3.695397182103247,0.04109572790563076,0.04109572790563076
3.7570124978930215,3.6648575623510773,0.0921549355419442,0.0921549355419442
3.7053735105812375,3.647478140218348,0.0578953703628895,0.0578953703628895
3.735130548471013,3.739746415151061,-0.004615866680047986,0.004615866680047986
3.718489754640631,3.722875299704924,-0.004385545064293339,0.004385545064293339
3.7154631046916062,3.6827785076640294,0.03268459702757687,0.03268459702757687
3.694490538642474,3.6838754752528504,0.01061506338962337,0.01061506338962337
3.7577969910486297,3.747061466303325,0.010735524745304925,0.010735524745304925
3.787523429520671,3.7537638389238057,0.03375959059686506,0.03375959059686506
3.733925342468634,3.7343674672527767,-0.0004421247841426279,0.0004421247841426279
3.658085164091085,3.637323515352646,0.020761648738438776,0.020761648738438776
3.7524014314093455,3.739159481002868,0.013241950406477354,0.013241950406477354
3.7136669973111616,3.665556811198273,0.04811018611288853,0.04811018611288853
3.736739891197773,3.748587783914628,-0.011847892716855046,0.011847892716855046
3.699086184154467,3.7163655343798503,-0.017279350225383183,0.017279350225383183
3.750365653509775,3.669104480126107,0.08126117338366834,0.08126117338366834
3.725502134906389,3.7424085797262285,-0.016906444819839717,0.016906444819839717
3.722447450196934,3.713661921537836,0.008785528659097874,0.008785528659097874
3.740093502457704,3.746943599595318,-0.006850097137614419,0.006850097137614419
3.7365120521976714,3.7178657355672087,0.018646316630462678,0.018646316630462678
1.0834502097272534,2.827012553944062,-1.7435623442168087,1.7435623442168087
3.772785463033921,3.6471344775016927,0.1256509855322281,0.1256509855322281
3.723545657029004,3.6878188282959483,0.03572682873305588,0.03572682873305588
3.7272583481234896,3.7419058596463723,-0.014647511522882795,0.014647511522882795
3.7174240196383184,3.6826677044391136,0.034756315199204746,0.034756315199204746
3.7470067791358654,3.7462491808996488,0.0007575982362166833,0.0007575982362166833
3.720429063751308,3.665487751186371,0.05494131256493695,0.05494131256493695
3.772545469004816,3.722390813054475,0.05015465595034074,0.05015465595034074
2.5688421711805844,2.6828203703352624,-0.113978199154678,0.113978199154678
3.756734921944496,3.7834127230741355,-0.026677801129639356,0.026677801129639356
3.77595341243445,3.455822812215429,0.32013060021902096,0.32013060021902096
3.743747893113604,3.7245293553921943,0.01921853772140958,0.01921853772140958
3.7417581463273297,3.7126981452304073,0.029060001096922417,0.029060001096922417
3.7097139825624743,3.7013317918044035,0.008382190758070784,0.008382190758070784
3.729319597705951,3.7497024761956865,-0.020382878489735745,0.020382878489735745
3.7474913512907184,3.7597091220994354,-0.012217770808716999,0.012217770808716999
1.9856722193710503,1.7006202076305743,0.285052011740476,0.285052011740476
3.703851789505641,3.6871483465632346,0.016703442942406443,0.016703442942406443
3.712625784852035,3.6734032246076063,0.03922256024442872,0.03922256024442872
3.7611753155400782,3.7362671341557587,0.024908181384319494,0.024908181384319494
3.7199141292349154,3.6760472921944416,0.04386683704047378,0.04386683704047378
3.708100784412169,3.682633978455286,0.025466805956882776,0.025466805956882776
0.8360824930220212,1.950831492220884,-1.1147489991988628,1.1147489991988628
3.718473987932924,3.6890323546327286,0.029441633300195225,0.029441633300195225
2.8034492543795224,3.220664884633786,-0.41721563025426356,0.41721563025426356
3.750841425349981,3.7221194402272433,0.028721985122737603,0.028721985122737603
3.738003764704005,3.6548891444993923,0.08311462020461269,0.08311462020461269
3.714900326175439,3.7032394969055185,0.011660829269920736,0.011660829269920736
3.704519670783937,3.673717107687368,0.03080256309656937,0.03080256309656937
3.718567435498517,3.704614310953127,0.013953124545389883,0.013953124545389883
3.728489276591508,3.767580941800264,-0.039091665208756066,0.039091665208756066
3.7234396505742806,3.7139054916738155,0.009534158900465162,0.009534158900465162
3.694662690097,3.693146110268914,0.001516579828086062,0.001516579828086062
3.716452764754064,3.718700245846473,-0.0022474810924091315,0.0022474810924091315
2.4812552519973963,2.2822780972065755,0.1989771547908208,0.1989771547908208
3.722917525089508,3.7076768859220572,0.015240639167450887,0.015240639167450887
3.6917396933466944,3.6961639660543395,-0.004424272707645116,0.004424272707645116
3.7756381635092864,3.552491877497496,0.22314628601179054,0.22314628601179054
3.7518111222718025,3.750717187352665,0.0010939349191376735,0.0010939349191376735
3.710977907861293,3.6896354084133822,0.02134249944791078,0.02134249944791078
3.726295766430143,3.6913134853322416,0.03498228109790125,0.03498228109790125
3.727336222105337,3.7390224160684205,-0.011686193963083458,0.011686193963083458
3.805657911370296,3.8059191409497095,-0.0002612295794133246,0.0002612295794133246
3.7516949517462623,3.706828594793181,0.044866356953081166,0.044866356953081166
3.766232533571237,3.7983383225369263,-0.032105788965689275,0.032105788965689275
3.7717954513118697,3.609102661455434,0.16269278985643565,0.16269278985643565
3.7847459937465575,3.8118419366721126,-0.02709594292555506,0.02709594292555506
3.7423364473203056,3.708915196382643,0.03342125093766235,0.03342125093766235
3.712642521834757,3.706290471892669,0.006352049942087934,0.006352049942087934
3.729340354292119,3.663781021381773,0.06555933291034588,0.06555933291034588
3.724791475697301,3.716585111017145,0.008206364680155787,0.008206364680155787
3.739752402184491,3.7312571040301825,0.008495298154308273,0.008495298154308273
3.7015070455271575,3.6616269880080603,0.03988005751909718,0.03988005751909718
3.732233665241389,3.769915210856658,-0.03768154561526904,0.03768154561526904
3.768736263308639,3.869894901433285,-0.10115863812464587,0.10115863812464587
3.77285418200489,3.7644393441565764,0.008414837848313539,0.008414837848313539
3.7232724872624496,3.7171233226323546,0.006149164630095072,0.006149164630095072
3.794732133775184,3.853478266694972,-0.05874613291978781,0.05874613291978781
3.776952858458393,3.8053207083891025,-0.02836784993070962,0.02836784993070962
3.692232514079428,3.6409176876896105,0.05131482638981755,0.05131482638981755
3.758521628208185,3.708669841129813,0.04985178707837212,0.04985178707837212
3.7213924794252753,3.724758823283188,-0.003366343857912568,0.003366343857912568
3.7712817352456702,3.806352515419526,-0.0350707801738559,0.0350707801738559
3.740037938773227,3.668147389831376,0.07189054894185132,0.07189054894185132
3.736316279327533,3.693005057152889,0.043311222174644115,0.043311222174644115
3.6964199849939776,3.6887653092792307,0.0076546757147468725,0.0076546757147468725
3.780593713176944,4.240982279676006,-0.4603885664990619,0.4603885664990619
3.726415355143728,3.7228378589900117,0.0035774961537162753,0.0035774961537162753
3.778457708280441,3.7654576879143273,0.013000020366113585,0.013000020366113585
3.723673652845665,3.7107929281105694,0.012880724735095495,0.012880724735095495
2.726358656384233,2.985842372234342,-0.2594837158501089,0.2594837158501089
3.797235268626815,3.857062857712115,-0.05982758908529995,0.05982758908529995
3.7074854066924186,3.710372716663197,-0.00288730997077824,0.00288730997077824
3.727404049628418,3.6779130095584653,0.04949104006995286,0.04949104006995286
3.7195576974002513,3.7093135976362137,0.010244099764037617,0.010244099764037617
3.7765830400023184,3.776046968639758,0.0005360713625601754,0.0005360713625601754
3.7129791625373234,3.66606103444461,0.04691812809271356,0.04691812809271356
3.732152049039315,3.6685136926730673,0.0636383563662477,0.0636383563662477
3.724779043073314,3.7385903571725922,-0.01381131409927816,0.01381131409927816
3.72169135009086,3.6503149679152043,0.0713763821756559,0.0713763821756559
3.7183001687341015,3.671162073221731,0.04713809551237036,0.04713809551237036
3.7200380571609033,3.760177564154448,-0.04013950699354485,0.04013950699354485
3.704124676967157,3.682473407842093,0.02165126912506432,0.02165126912506432
3.7221832417955785,3.686240437686701,0.035942804108877624,0.035942804108877624
3.785100945309742,3.8426357955960104,-0.05753485028626848,0.05753485028626848
3.77742224436612,3.6864481142300796,0.09097413013604028,0.09097413013604028
3.7254520790499073,3.7422159628801652,-0.016763883830257953,0.016763883830257953
3.751473982170692,3.790349048049145,-0.03887506587845291,0.03887506587845291
3.742854691609719,3.6683701988132724,0.07448449279644676,0.07448449279644676
3.705400788081618,3.7077771039959178,-0.0023763159142995427,0.0023763159142995427
3.722950715503883,3.7397156562127076,-0.016764940708824838,0.016764940708824838
3.77611682153581,3.7888719889860063,-0.012755167450196225,0.012755167450196225
3.729943750149352,3.7189979524813115,0.010945797668040491,0.010945797668040491
3.7592853978938296,3.7301214858137546,0.029163912080075072,0.029163912080075072
3.788161222245976,3.507680468858898,0.2804807533870779,0.2804807533870779
3.708780370444963,3.685544798448964,0.023235571995999127,0.023235571995999127
3.662127333340368,3.671157243037113,-0.009029909696744998,0.009029909696744998
3.729792974551717,3.708538774865035,0.02125419968668174,0.02125419968668174
3.7542005263330847,3.6441670730950144,0.11003345323807023,0.11003345323807023
3.7262467778588073,3.7344222170390426,-0.008175439180235333,0.008175439180235333
3.756886530172237,3.7938185462809875,-0.03693201610875052,0.03693201610875052
3.715180522637111,3.681701191807723,0.03347933082938814,0.03347933082938814
3.756511066411373,3.7289296408467973,0.027581425564575657,0.027581425564575657
3.791281460276545,4.0218398136454345,-0.23055835336888952,0.23055835336888952
3.740615800524447,3.731319506611006,0.009296293913441112,0.009296293913441112
3.7561994438868,3.7736167881660916,-0.017417344279291758,0.017417344279291758
3.7695094614436457,3.8409982948317483,-0.07148883338810252,0.07148883338810252
3.775412088578389,3.7890813987744814,-0.013669310196092521,0.013669310196092521
3.73838821516192,3.7647794051853967,-0.026391190023476785,0.026391190023476785
3.711589072939516,3.683780678987056,0.02780839395245982,0.02780839395245982
3.789320922558629,3.7473455145228662,0.04197540803576283,0.04197540803576283
3.704028671425191,3.646697427175365,0.05733124424982616,0.05733124424982616
3.678505596335736,3.658845438224164,0.019660158111571846,0.019660158111571846
2.459462140221211,2.3435901375147123,0.11587200270649856,0.11587200270649856
3.709761623507705,3.6997256888859127,0.010035934621792197,0.010035934621792197
3.738959615904567,3.6917726534387056,0.04718696246586118,0.04718696246586118
3.7471617910745296,3.7490818958004892,-0.0019201047259596038,0.0019201047259596038
3.6775132911056447,3.667067202406075,0.010446088699569867,0.010446088699569867
3.734847113218885,3.714037789885111,0.020809323333774277,0.020809323333774277
3.7695291787809184,3.3801654215534573,0.3893637572274611,0.3893637572274611
3.776954602601581,3.7758049778983245,0.0011496247032565243,0.0011496247032565243
0.3525668531330761,-0.4017836221378497,0.7543504752709258,0.7543504752709258
3.7407437522499527,3.7230388259806633,0.017704926269289434,0.017704926269289434
3.723761117131909,3.7008299336259642,0.02293118350594492,0.02293118350594492
3.711066145544306,3.6796385792795845,0.03142756626472165,0.03142756626472165
3.7258144700669615,3.7514803047273606,-0.025665834660399067,0.025665834660399067
3.720675827566682,3.6972788545637276,0.02339697300295418,0.02339697300295418
3.7470506630958496,3.6620583914745257,0.08499227162132383,0.08499227162132383
3.734005988066228,3.7207415256796277,0.013264462386600506,0.013264462386600506
3.784933578523158,3.7410518864354394,0.04388169208771853,0.04388169208771853
3.771829252463562,3.700595747671826,0.07123350479173585,0.07123350479173585
3.715881111954722,3.7195957304221277,-0.003714618467405728,0.003714618467405728
3.768521604129512,4.050908663594011,-0.2823870594644986,0.2823870594644986
3.72475043214212,3.720473379530084,0.004277052612036147,0.004277052612036147
3.72253991328308,3.721599685155074,0.0009402281280062041,0.0009402281280062041
3.692957148272937,3.6235324027259463,0.06942474554699052,0.06942474554699052
3.7930041111972432,3.866618004417128,-0.07361389321988465,0.07361389321988465
3.718880390658047,3.707651310611361,0.011229080046686324,0.011229080046686324
3.739073272137897,3.7471576710804912,-0.008084398942594273,0.008084398942594273
3.7584924006824463,3.733210651839836,0.025281748842610252,0.025281748842610252
3.743452246930474,3.7183604585732355,0.025091788357238354,0.025091788357238354
3.6342405610107646,3.61217979422079,0.022060766789974817,0.022060766789974817
3.719205852510699,3.7589977771445957,-0.03979192463389669,0.03979192463389669
3.686948059565801,3.6633847647011226,0.02356329486467823,0.02356329486467823
3.7109692234632536,3.6837755541397077,0.027193669323545944,0.027193669323545944
3.6917219102081775,3.65884854026788,0.03287336994029744,0.03287336994029744
3.7946903684806017,3.862835935646171,-0.06814556716556908,0.06814556716556908
2.0006463066914084,1.7591537743625163,0.24149253232889212,0.24149253232889212
3.7673146309086447,3.742441558421419,0.024873072487225922,0.024873072487225922
3.732635912095799,3.7726096825900397,-0.03997377049424067,0.03997377049424067
3.7174395825567887,3.6634540335204537,0.05398554903633501,0.05398554903633501
3.734662632042984,3.7425552266070423,-0.007892594564058442,0.007892594564058442
3.723603333654989,3.6938950273919686,0.029708306263020567,0.029708306263020567
3.6871235208232913,3.6762363815293058,0.010887139293985548,0.010887139293985548
3.746870733774448,3.7135795328610524,0.033291200913395436,0.033291200913395436
3.765051133131771,3.7618441802266345,0.0032069529051366175,0.0032069529051366175
3.739632460736207,3.752403134276293,-0.012770673540086097,0.012770673540086097
3.726341582072892,3.7241607163211468,0.0021808657517450314,0.0021808657517450314
3.758615865041572,3.7371390511556317,0.02147681388594025,0.02147681388594025
3.7710280518432224,3.7877692458799017,-0.016741194036679286,0.016741194036679286
3.7914850688177792,4.124449236180855,-0.33296416736307544,0.33296416736307544
3.7647321907293727,3.6903278731416367,0.07440431758773602,0.07440431758773602
3.587078274405552,3.7262142443363313,-0.13913596993077926,0.13913596993077926
3.744759042952893,3.752304383928823,-0.0075453409759300705,0.0075453409759300705
3.7266017037629062,3.687776255829227,0.03882544793367915,0.03882544793367915
3.7230398478883977,3.7207691425495613,0.002270705338836443,0.002270705338836443
3.681461723756379,3.6590269664254023,0.022434757330976662,0.022434757330976662
3.732042969465386,3.724215901089182,0.00782706837620406,0.00782706837620406
3.829391080561552,3.5650655093836363,0.26432557117791555,0.26432557117791555
3.69317670896836,3.6424018556503084,0.05077485331805143,0.05077485331805143
3.6932920442693673,3.6788964861298505,0.014395558139516762,0.014395558139516762
3.707563319636212,3.7059435774456584,0.001619742190553719,0.001619742190553719
3.717978878582312,3.6956191471699693,0.022359731412342487,0.022359731412342487
3.755275327775673,3.7311291803311883,0.024146147444484622,0.024146147444484622
3.721016306548029,3.715371946748604,0.005644359799424681,0.005644359799424681
3.74406375496388,3.7515820541561467,-0.007518299192266653,0.007518299192266653
3.726990573240593,3.7012597683486663,0.025730804891926695,0.025730804891926695
3.746373802023812,3.7019658087959457,0.04440799322786626,0.04440799322786626
3.725729077298297,3.7387160247385265,-0.012986947440229546,0.012986947440229546
3.690613539595194,3.580752000785342,0.10986153880985183,0.10986153880985183
3.732869170574301,3.7520641372011125,-0.019194966626811638,0.019194966626811638
3.713127494367852,3.673455770754377,0.03967172361347515,0.03967172361347515
3.7276830880280514,3.6974294164049923,0.03025367162305903,0.03025367162305903
3.654378124774256,3.621222724103617,0.03315540067063916,0.03315540067063916
3.717405652027884,3.7321827549834303,-0.01477710295554635,0.01477710295554635
3.758010413253383,3.721713813247109,0.036296600006274105,0.036296600006274105
3.726903716006933,3.7127689678098417,0.014134748197091263,0.014134748197091263
3.73991251222944,3.7060932177800017,0.03381929444943843,0.03381929444943843
3.716152615491687,3.7290150350607365,-0.012862419569049433,0.012862419569049433
3.764198163225906,3.7285559280789817,0.03564223514692433,0.03564223514692433
3.7187226420916857,3.739960444034572,-0.02123780194288649,0.02123780194288649
3.74526255347504,3.7658973009676724,-0.0206347474926325,0.0206347474926325
3.706214592327037,3.6682543459705057,0.03796024635653117,0.03796024635653117
3.738652413139056,3.7713236313755343,-0.03267121823647834,0.03267121823647834
3.69961421542543,3.657204178058021,0.042410037367409004,0.042410037367409004
3.719459633957844,3.6662943671938155,0.05316526676402855,0.05316526676402855
3.724437584387788,3.696744237367679,0.02769334702010884,0.02769334702010884
3.703223905926161,3.692557588511319,0.01066631741484203,0.01066631741484203
3.7212943401674736,3.7097137174467156,0.011580622720757994,0.011580622720757994
3.815090124162292,3.7938720771120034,0.021218047050288735,0.021218047050288735
2.051656822092364,1.8965958919729276,0.15506093011943634,0.15506093011943634
3.7655397478103767,3.741489628752665,0.024050119057711594,0.024050119057711594
3.6977351787757096,3.6685727670088406,0.029162411766868956,0.029162411766868956
2.08349392893974,1.913147957804962,0.17034597113477812,0.17034597113477812
3.819863775761212,3.859635849230173,-0.03977207346896128,0.03977207346896128
3.712955349402275,3.7161286624293233,-0.0031733130270481524,0.0031733130270481524
3.735007134552415,3.6912511337800784,0.043756000772336545,0.043756000772336545
3.699961385817692,3.6601143308075796,0.03984705501011243,0.03984705501011243
3.683701285462657,3.6412439367719274,0.04245734869072981,0.04245734869072981
3.751912452394509,3.791555597319443,-0.03964314492493415,0.03964314492493415
3.7062318060411066,3.681319920375954,0.024911885665152678,0.024911885665152678
3.712074984863109,3.629270726694805,0.08280425816830395,0.08280425816830395
3.71563925933958,3.7132406036385306,0.002398655701049357,0.002398655701049357
3.72257304384218,3.6999135716584797,0.022659472183700125,0.022659472183700125
3.781585248009292,3.7553184011429375,0.0262668468663545,0.0262668468663545
3.717450354553753,3.716770584942404,0.0006797696113487461,0.0006797696113487461
3.7336126884457945,3.704565832242938,0.02904685620285674,0.02904685620285674
3.7359514578983593,3.7506746476238844,-0.01472318972552511,0.01472318972552511
3.738335565540258,3.6972984317447963,0.04103713379546159,0.04103713379546159
3.669178298012109,3.668727770843723,0.00045052716838567264,0.00045052716838567264
3.71662562087109,3.724788883624653,-0.00816326275356305,0.00816326275356305
3.801207131361351,3.7082356796010814,0.09297145176026955,0.09297145176026955
3.761752672765747,3.6689059938951685,0.09284667887057863,0.09284667887057863
3.7526474581727887,3.6811429889795106,0.07150446919327802,0.07150446919327802
2.5512810894799878,2.5549130220605623,-0.0036319325805744818,0.0036319325805744818
3.727877280555584,3.6795219175043132,0.04835536305127075,0.04835536305127075
3.737760876615056,3.7364439954800046,0.00131688113505124,0.00131688113505124
3.7875033272182304,3.802849376422377,-0.015346049204146617,0.015346049204146617
3.7377378629252265,3.7334360493260257,0.004301813599200788,0.004301813599200788
3.751867366853992,3.7179964424158465,0.03387092443814543,0.03387092443814543
3.737688940241541,3.7469912084891184,-0.009302268247577405,0.009302268247577405
3.7128341817246415,3.731200601129769,-0.0183664194051274,0.0183664194051274
3.743638977091409,3.7606584447301596,-0.01701946763875073,0.01701946763875073
3.683871596647149,3.6547432469070023,0.029128349740146664,0.029128349740146664
3.732581244373245,3.7152998760157034,0.01728136835754146,0.01728136835754146
3.7827401911078025,3.7445144396413332,0.03822575146646923,0.03822575146646923
3.741135004418677,3.669932527801503,0.07120247661717372,0.07120247661717372
3.7322892259799296,3.6940272317403857,0.038261994239543906,0.038261994239543906
3.7605323260718064,3.7524199674857446,0.008112358586061852,0.008112358586061852
3.7213199113929063,3.6972028984540946,0.024117012938811744,0.024117012938811744
3.7893676315982026,3.64302887443434,0.14633875716386235,0.14633875716386235
3.709431468182416,3.6406807232129106,0.06875074496950528,0.06875074496950528
3.7760386546248776,3.746685336657972,0.029353317966905657,0.029353317966905657
3.705802828530493,3.6582719568725124,0.047530871657980533,0.047530871657980533
3.696093740267575,3.682716637553856,0.013377102713719058,0.013377102713719058
3.762495602450232,3.680102154491323,0.0823934479589088,0.0823934479589088
3.7143060998295327,3.654052929239773,0.06025317058975954,0.06025317058975954
3.710584453531776,3.6972127949012945,0.013371658630481509,0.013371658630481509
3.730528393286738,3.620409691587783,0.11011870169895488,0.11011870169895488
3.75339964860691,3.4379238733975996,0.31547577520931025,0.31547577520931025
3.733532752574943,3.760472362211332,-0.026939609636388973,0.026939609636388973
3.795456569935592,3.863189580861927,-0.06773301092633499,0.06773301092633499
3.744595675137935,3.782974404213315,-0.03837872907538031,0.03837872907538031
3.7895048606377646,3.8753874448443852,-0.08588258420662065,0.08588258420662065
3.738437503833724,3.779532355832065,-0.04109485199834095,0.04109485199834095
3.76263940290453,3.703897156576783,0.05874224632774672,0.05874224632774672
3.7015976876376993,3.7016405888078747,-4.2901170175468906e-05,4.2901170175468906e-05
3.703250623571222,3.686481868370534,0.0167687552006881,0.0167687552006881
3.7227077543518727,3.6936489715487677,0.029058782803105032,0.029058782803105032
3.7404015067099072,3.7125820142385604,0.02781949247134685,0.02781949247134685
3.6592373379576335,3.6307737098330266,0.0284636281246069,0.0284636281246069
3.7358873156205625,3.732236231219625,0.003651084400937421,0.003651084400937421
3.7396804549398825,3.7133285239686,0.026351930971282744,0.026351930971282744
3.751618834270478,3.7630527196324626,-0.01143388536198442,0.01143388536198442
3.71279716140252,3.639456272736474,0.07334088866604604,0.07334088866604604
3.72131002737004,3.721589090777133,-0.0002790634070932718,0.0002790634070932718
3.710564517347557,3.701469320079611,0.009095197267945831,0.009095197267945831
3.739143071419812,3.7639450797915224,-0.024802008371710205,0.024802008371710205
3.798150789584964,3.7790055520565393,0.019145237528424897,0.019145237528424897
3.71277647002226,3.6973897854889564,0.015386684533303718,0.015386684533303718
2.10570773398847,2.0838963623320925,0.021811371656377698,0.021811371656377698
3.771827863603408,3.775041590228919,-0.003213726625511004,0.003213726625511004
1.769911163930153,1.1694043931196094,0.6005067708105436,0.6005067708105436
3.671516466797648,3.618515701684443,0.05300076511320517,0.05300076511320517
3.7700182028646334,3.952308384924279,-0.18229018205964564,0.18229018205964564
2.855803459026601,3.3938068648756308,-0.5380034058490297,0.5380034058490297
3.7526147438581,3.8458046012331697,-0.0931898573750698,0.0931898573750698
3.77343205978554,3.910947580334497,-0.13751552054895688,0.13751552054895688
3.707536562904557,3.6780247836038593,0.029511779300697594,0.029511779300697594
3.692212688166415,3.6987316937284795,-0.006519005562064528,0.006519005562064528
3.735311513237509,3.686568163519011,0.04874334971849814,0.04874334971849814
3.745886989022826,3.774609401340369,-0.02872241231754291,0.02872241231754291
3.78368640597939,3.6980336265215734,0.08565277945781657,0.08565277945781657
3.7003771021102487,3.6756503567241823,0.02472674538606645,0.02472674538606645
3.772870142090184,3.8299313834966884,-0.05706124140650459,0.05706124140650459
3.710837943513641,3.6834464642109035,0.027391479302737665,0.027391479302737665
3.736841181625318,3.810567276412624,-0.07372609478730618,0.07372609478730618
3.717623911245193,3.7918924428839156,-0.07426853163872238,0.07426853163872238
3.719630202118727,3.7356319879107645,-0.01600178579203737,0.01600178579203737
3.70778122880376,3.6613046360365598,0.0464765927672004,0.0464765927672004
3.724894046062041,3.6963022052242605,0.02859184083778077,0.02859184083778077
3.765871398964462,3.806818883484273,-0.040947484519811006,0.040947484519811006
3.7079539144957216,3.7416175640136555,-0.03366364951793388,0.03366364951793388
3.714635674146536,3.72993670302307,-0.015301028876534062,0.015301028876534062
3.747244160991526,3.676051957393507,0.07119220359801925,0.07119220359801925
3.713532917305361,3.715341812837691,-0.0018088955323301015,0.0018088955323301015
3.6884221064837135,3.6550467989405617,0.033375307543151767,0.033375307543151767
3.733669440250258,3.754435915794883,-0.020766475544625074,0.020766475544625074
3.747356595689555,3.741125147030579,0.006231448658975847,0.006231448658975847
3.705683911842776,3.6995908198767413,0.006093091966034692,0.006093091966034692
3.70531906368055,3.6820765852409236,0.023242478439626346,0.023242478439626346
3.709285345779141,3.643794282259422,0.065491063519719,0.065491063519719
3.7153454143123614,3.711412840223959,0.0039325740884024185,0.0039325740884024185
3.698414470200597,3.6938354594404696,0.0045790107601275665,0.0045790107601275665
3.590423828527956,3.6303401133753708,-0.03991628484741483,0.03991628484741483
3.727285562584172,3.726526651439618,0.0007589111445538421,0.0007589111445538421
3.7799952203585945,3.825190961823127,-0.045195741464532535,0.045195741464532535
3.7222197057461424,3.680165392735469,0.042054313010673194,0.042054313010673194
3.7357035015108977,3.709843412847143,0.025860088663754777,0.025860088663754777
2.585111991221875,2.6613400151274043,-0.07622802390552907,0.07622802390552907
3.792280359208078,3.8098513405120777,-0.017570981303999922,0.017570981303999922
3.7067392515777575,3.6936282440924586,0.01311100748529892,0.01311100748529892
3.735311641347263,3.7386736633470696,-0.003362021999806508,0.003362021999806508
3.716224126538344,3.6286894881216814,0.08753463841666287,0.08753463841666287
3.7272892550402936,3.735536987901889,-0.008247732861595303,0.008247732861595303
3.7364187924059262,3.6698206618243185,0.06659813058160768,0.06659813058160768
3.730725406755605,3.7173678818267564,0.013357524928848452,0.013357524928848452
3.7491916239698577,3.7281445377357025,0.021047086234155188,0.021047086234155188
3.7191673986341938,3.6775472055017304,0.041620193132463346,0.041620193132463346
3.731298970580014,3.754256726070805,-0.022957755490791154,0.022957755490791154
3.78775227203012,3.910129651380893,-0.1223773793507732,0.1223773793507732
3.7473177925952488,3.7010650937040537,0.0462526988911951,0.0462526988911951
3.743969771495157,3.715351828533368,0.028617942961788767,0.028617942961788767
3.764713404143373,3.740807166203359,0.02390623794001412,0.02390623794001412
3.7090974867412503,3.7092975336025846,-0.00020004686133434646,0.00020004686133434646
3.713757212689292,3.711437198067263,0.0023200146220290208,0.0023200146220290208
3.699569385359701,3.6917936991814444,0.0077756861782565245,0.0077756861782565245
3.796759736134491,3.8611362048192652,-0.06437646868477431,0.06437646868477431
3.7452009721114417,3.6960905754556665,0.0491103966557751,0.0491103966557751
3.7064512817089454,3.684796876480939,0.021654405228006546,0.021654405228006546
3.769022124372531,3.8012309884774846,-0.032208864104953605,0.032208864104953605
3.768120302492085,3.830635533798795,-0.0625152313067101,0.0625152313067101
3.755188209818732,3.6981172319993263,0.057070977819405844,0.057070977819405844
3.69439962055942,3.6755991652042757,0.018800455355144408,0.018800455355144408
3.764321571504683,3.6953580077802095,0.06896356372447343,0.06896356372447343
3.712547713653695,3.6838432997848893,0.028704413868805734,0.028704413868805734
3.752788614540411,3.780924391138315,-0.028135776597904005,0.028135776597904005
3.734384948192344,3.698265924359866,0.036119023832478,0.036119023832478
3.785815861282931,3.7915608451387746,-0.005744983855843433,0.005744983855843433
3.788774224074452,3.778337492810658,0.010436731263793853,0.010436731263793853
3.7083887570033385,3.705069575135536,0.0033191818678024454,0.0033191818678024454
3.7408132269205256,3.758963272274694,-0.01815004535416831,0.01815004535416831
3.7154087859582416,3.7549904528277653,-0.03958166686952369,0.03958166686952369
3.7339809398268295,3.7407905919216193,-0.0068096520947897865,0.0068096520947897865
3.7743277338088648,3.7102501483193824,0.06407758548948239,0.06407758548948239
3.790088505363083,3.7631141812630755,0.02697432410000733,0.02697432410000733
3.776535408377373,3.6998919615767916,0.07664344680058122,0.07664344680058122
3.711874684646772,3.6942454766496784,0.017629207997093665,0.017629207997093665
3.701669478151719,3.7417820665455404,-0.04011258839382137,0.04011258839382137
3.737377518930296,3.693941816979197,0.04343570195109914,0.04343570195109914
3.7392370531310215,3.71004755935466,0.029189493776361708,0.029189493776361708
3.7829827590978176,3.6985544362485276,0.08442832284928992,0.08442832284928992
3.710948640363357,3.6846211942560236,0.026327446107333508,0.026327446107333508
3.7199446671721823,3.70172516878521,0.018219498386972344,0.018219498386972344
3.7162951132051454,3.6805758545549128,0.03571925865023262,0.03571925865023262
3.738756973286591,3.6846258250308166,0.05413114825577425,0.05413114825577425
3.732138908782892,3.7038775625931897,0.02826134618970233,0.02826134618970233
3.730189190597829,3.7023612461946662,0.027827944403162608,0.027827944403162608
3.7190010079939246,3.660302064842042,0.05869894315188251,0.05869894315188251
3.7481553262077902,3.748610276290965,-0.0004549500831747544,0.0004549500831747544
0.6102991399966817,0.8692113883467432,-0.25891224835006144,0.25891224835006144
3.8148402532400496,3.8957240172683214,-0.0808837640282718,0.0808837640282718
3.726480819242847,3.656101986189267,0.07037883305357973,0.07037883305357973
3.715682022322632,3.7358666437775865,-0.020184621454954588,0.020184621454954588
3.6812846689572414,3.6535435049164944,0.027741164040747,0.027741164040747
3.695361527940578,3.668799917378072,0.026561610562505944,0.026561610562505944
3.697930349651696,3.6941375311245577,0.0037928185271383086,0.0037928185271383086
3.691808761423808,3.680076119844373,0.011732641579434766,0.011732641579434766
3.734904892548593,3.7105835487949355,0.024321343753657576,0.024321343753657576
3.753826705075484,3.9645142081220355,-0.2106875030465516,0.2106875030465516
3.713546027059995,3.7296188171566724,-0.01607279009667728,0.01607279009667728
3.749794255628823,3.462983306392674,0.28681094923614925,0.28681094923614925
3.706736533870085,3.642825997804523,0.06391053606556163,0.06391053606556163
3.751764386487081,3.727244795329615,0.02451959115746627,0.02451959115746627
3.739938526448809,3.740749099657349,-0.0008105732085401662,0.0008105732085401662
3.72919823922153,3.723684221312312,0.005514017909217905,0.005514017909217905
3.742534401156292,3.755786542593243,-0.013252141436950637,0.013252141436950637
3.725121008451624,3.715246959836818,0.009874048614805897,0.009874048614805897
3.749525357500531,3.6833837434402144,0.06614161406031682,0.06614161406031682
3.649655478403463,3.618514223393452,0.031141255010011193,0.031141255010011193
3.789818635902868,3.7147697956544614,0.07504884024840663,0.07504884024840663
3.7187802357095343,3.6994995742315524,0.01928066147798191,0.01928066147798191
3.70153943196501,3.668193550541528,0.03334588142348194,0.03334588142348194
3.728419493232072,3.7248871739586717,0.003532319273400031,0.003532319273400031
3.74364049586701,3.7119619032403914,0.03167859262661876,0.03167859262661876
3.736662420758106,3.746966240689433,-0.010303819931326785,0.010303819931326785
3.7008688329301433,3.615044386947366,0.0858244459827775,0.0858244459827775
3.682908569006724,3.666345352504154,0.016563216502569755,0.016563216502569755
3.679046355032865,3.645938359368305,0.03310799566455991,0.03310799566455991
3.741623267627837,3.7238487532487583,0.01777451437907862,0.01777451437907862
3.708817881424352,3.6995745601944896,0.009243321229862378,0.009243321229862378
3.734077546781632,3.708806677417222,0.025270869364410142,0.025270869364410142
3.763191674181547,3.4148249938988515,0.34836668028269546,0.34836668028269546
3.723077247362516,3.698871423104029,0.024205824258487052,0.024205824258487052
3.807450315159497,3.800337528803678,0.007112786355818912,0.007112786355818912
3.724468545015412,3.7667674742732813,-0.04229892925786949,0.04229892925786949
3.769864105018471,3.785317691377725,-0.015453586359253979,0.015453586359253979
3.696366503821954,3.717706883996223,-0.02134038017426887,0.02134038017426887
3.719337901206996,3.6786444254020276,0.040693475804968404,0.040693475804968404
3.711460912532885,3.6889325474974526,0.02252836503543243,0.02252836503543243
3.784092549261777,3.595195735725535,0.1888968135362421,0.1888968135362421
3.737528839236923,3.7917627546222104,-0.054233915385287546,0.054233915385287546
3.698466599182904,3.695007742279627,0.0034588569032769634,0.0034588569032769634
3.771149904053728,3.7035740402505506,0.0675758638031776,0.0675758638031776
3.761120714001589,3.6724842956395474,0.08863641836204161,0.08863641836204161
3.7310704230006255,3.730056162507383,0.0010142604932426025,0.0010142604932426025
3.722460391803735,3.7263153345341555,-0.0038549427304204187,0.0038549427304204187
3.676515425501407,3.6825464760025444,-0.0060310505011371696,0.0060310505011371696
3.792643495495848,3.8380989934023493,-0.045455497906501385,0.045455497906501385
3.7667413996989,3.8579886454788554,-0.09124724577995558,0.09124724577995558
3.7686160674110174,3.701294045805744,0.06732202160527345,0.06732202160527345
3.7016322442142826,3.686772392246338,0.014859851967944593,0.014859851967944593
3.780864268837715,3.802311576614824,-0.021447307777108904,0.021447307777108904
3.7406581497740654,3.734641304543158,0.006016845230907286,0.006016845230907286
3.731159154105227,3.7099253314311484,0.021233822674078695,0.021233822674078695
3.768253754746554,3.430449589168944,0.33780416557761006,0.33780416557761006
3.756838907394279,3.7917033864362377,-0.034864479041958774,0.034864479041958774
3.765141885314956,3.602729050160037,0.16241283515491878,0.16241283515491878
3.741270593164429,3.757991003330474,-0.01672041016604542,0.01672041016604542
3.7574815283241945,3.768827282425353,-0.011345754101158345,0.011345754101158345
3.739202050473994,3.7085547435223902,0.03064730695160378,0.03064730695160378
3.7179459495704856,3.719778086671283,-0.0018321371007972154,0.0018321371007972154
3.7253703258332096,3.7037259568166254,0.021644369016584175,0.021644369016584175
3.7094360234278616,3.7064766851099984,0.0029593383178632138,0.0029593383178632138
3.7684566494766174,3.6832767712327104,0.08517987824390705,0.08517987824390705
3.782839221151437,3.832726002712724,-0.04988678156128712,0.04988678156128712
3.737451682909054,3.8032164095926975,-0.06576472668364364,0.06576472668364364
3.766809363555179,3.7087942814779655,0.05801508207721362,0.05801508207721362
3.779835843278967,3.7324461054277394,0.047389737851227576,0.047389737851227576
3.73803938611621,3.68235546390765,0.05568392220855989,0.05568392220855989
3.77319446750678,3.7109315409146566,0.06226292659212351,0.06226292659212351
3.71104415981963,3.718601968853938,-0.007557809034307805,0.007557809034307805
3.742007917841178,3.733347815214973,0.008660102626204758,0.008660102626204758
3.760800078777006,3.739313110260063,0.021486968516942984,0.021486968516942984
3.718432341020233,3.70458747099558,0.013844870024652955,0.013844870024652955
3.7652062744710695,3.9628075663923443,-0.19760129192127485,0.19760129192127485
2.548410339501613,2.6564871206640355,-0.10807678116242236,0.10807678116242236
3.754534159687736,3.7655538415245005,-0.011019681836764494,0.011019681836764494
3.69063175560162,3.6481190760064046,0.04251267959521554,0.04251267959521554
3.702967481270944,3.7026326267230196,0.0003348545479244791,0.0003348545479244791
3.728542836922384,3.7182437163446185,0.010299120577765386,0.010299120577765386
3.735330878104462,3.7030021777196693,0.03232870038479252,0.03232870038479252
3.738905559859437,3.720087645035199,0.018817914824238002,0.018817914824238002
3.693703450282369,3.688591287673012,0.005112162609357096,0.005112162609357096
0.869615667052094,1.886170957394895,-1.016555290342801,1.016555290342801
1.838141677602268,1.2468261177978528,0.5913155598044153,0.5913155598044153
3.743170844490953,3.729233420246501,0.01393742424445188,0.01393742424445188
3.689438884059499,3.654679034647074,0.03475984941242505,0.03475984941242505
3.699235113185241,3.629251907972918,0.06998320521232282,0.06998320521232282
3.737866506332456,3.689738766928524,0.04812773940393189,0.04812773940393189
3.7371682399208495,3.7699897616345366,-0.03282152171368713,0.03282152171368713
3.799591919483948,3.878503372555385,-0.07891145307143699,0.07891145307143699
3.761788039066685,3.945286255484624,-0.18349821641793884,0.18349821641793884
3.784377775189414,3.6626130277413833,0.12176474744803079,0.12176474744803079
3.754164257550229,3.723484610580573,0.030679646969656194,0.030679646969656194
3.678878760052928,3.6276849253179435,0.05119383473498429,0.05119383473498429
3.724405944582186,3.7139613886707146,0.010444555911471642,0.010444555911471642
3.816946545663877,3.8081454032180515,0.008801142445825416,0.008801142445825416
3.658481521338437,3.7300371887888972,-0.07155566745046027,0.07155566745046027
3.782308858819485,3.852932998276133,-0.07062413945664803,0.07062413945664803
3.7463543933828944,3.740359901328922,0.005994492053972511,0.005994492053972511
3.7281485765307303,3.7043990237819964,0.023749552748733915,0.023749552748733915
3.780100844469557,3.812898485047012,-0.032797640577455045,0.032797640577455045
2.4826825876350327,2.35729614243012,0.1253864452049127,0.1253864452049127
3.731775674314871,3.686145526886806,0.04563014742806493,0.04563014742806493
3.723610450764731,3.6471828986080985,0.07642755215663266,0.07642755215663266
3.824643840215745,3.8952773882180867,-0.07063354800234167,0.07063354800234167
3.796323408991676,3.7009151199753707,0.09540828901630549,0.09540828901630549
3.702132241182088,3.6975501703378453,0.004582070844242558,0.004582070844242558
3.706761976201452,3.704424320519483,0.0023376556819689753,0.0023376556819689753
3.707182318961245,3.703232577311047,0.003949741650198124,0.003949741650198124
3.7350875779362376,3.7600185347727133,-0.024930956836475726,0.024930956836475726
3.7357423005166304,3.6930695866699015,0.04267271384672888,0.04267271384672888
3.70345274251673,3.7026976159203,0.0007551265964300669,0.0007551265964300669
3.762731251511697,3.8272747637189686,-0.06454351220727172,0.06454351220727172
3.7183656914013232,3.70709284190926,0.011272849492063308,0.011272849492063308
3.7692839440481256,3.892413040898009,-0.12312909684988327,0.12312909684988327
3.75125133163858,3.7564505675455844,-0.005199235907004329,0.005199235907004329
3.705377543782988,3.695534520779792,0.009843023003195839,0.009843023003195839
3.728230551093336,3.7010637934733825,0.02716675761995324,0.02716675761995324
3.7538721578904033,3.7462377142815595,0.0076344436088437995,0.0076344436088437995
3.748647984192658,3.7570286574924996,-0.00838067329984149,0.00838067329984149
3.7373151066514567,3.719168219991238,0.018146886660218797,0.018146886660218797
3.7777426687131808,3.7179824325333772,0.05976023617980353,0.05976023617980353
3.742963978806844,3.767557246752794,-0.024593267945949737,0.024593267945949737
3.768779601867075,3.79021822083672,-0.021438618969644718,0.021438618969644718
3.840651064916759,3.8596231810434216,-0.01897211612666272,0.01897211612666272
3.736442519437473,3.716511806085596,0.019930713351876683,0.019930713351876683
3.7145043681454064,3.7297609491587727,-0.015256581013366244,0.015256581013366244
3.757387191642024,3.685537269410179,0.07184992223184494,0.07184992223184494
3.6960831506155793,3.7038967607797204,-0.00781361016414106,0.00781361016414106
3.725683664489351,3.7589023861452953,-0.03321872165594408,0.03321872165594408
3.734790845625857,3.659651941412261,0.07513890421359637,0.07513890421359637
3.706410185651771,3.6644753853108054,0.04193480034096542,0.04193480034096542
3.72168368123869,3.629109866531355,0.09257381470733517,0.09257381470733517
3.746645748266736,3.7942969110836993,-0.04765116281696313,0.04765116281696313
3.7657850754076714,3.728518031517951,0.03726704388972024,0.03726704388972024
3.710055966359989,3.6707351232807124,0.039320843079276635,0.039320843079276635
3.714045618249123,3.6864869990716627,0.027558619177460386,0.027558619177460386
3.780963493720855,3.7251346627085717,0.05582883101228342,0.05582883101228342
3.750415874536393,3.754399771082165,-0.0039838965457721365,0.0039838965457721365
3.7732294001008375,3.637338274231631,0.1358911258692066,0.1358911258692066
3.72742110724209,3.734638099168697,-0.007216991926607186,0.007216991926607186
3.792466724536197,3.840693900446193,-0.048227175909996145,0.048227175909996145
3.7190536820132345,3.7162201290928025,0.00283355292043197,0.00283355292043197
3.744424236705447,3.739803128374038,0.004621108331409385,0.004621108331409385
3.720138549871854,3.712149571470699,0.007988978401155311,0.007988978401155311
3.7880408406973194,3.750233649054228,0.03780719164309154,0.03780719164309154
3.729603261929943,3.6931440797531603,0.03645918217678279,0.03645918217678279
3.696384964760262,3.6613447313895287,0.035040233370733365,0.035040233370733365
3.782610755505803,3.695910178865256,0.08670057664054687,0.08670057664054687
3.7112147619996136,3.708150013868977,0.0030647481306367297,0.0030647481306367297
1.937084591547963,1.5526221105800637,0.38446248096789937,0.38446248096789937
3.742744215291836,3.7137185471175327,0.0290256681743033,0.0290256681743033
3.7188445540079313,3.6990764915192833,0.01976806248864804,0.01976806248864804
3.7461396472093154,3.7650481125947612,-0.018908465385445883,0.018908465385445883
3.7233735460054342,3.6894468183244293,0.03392672768100491,0.03392672768100491
3.68726019726193,3.6634892364971847,0.023770960764745386,0.023770960764745386
3.718546246393088,3.6869476210676018,0.031598625325486296,0.031598625325486296
3.74785678272298,3.776508523747401,-0.028651741024421362,0.028651741024421362
3.723460125136614,3.726376110943508,-0.002915985806893673,0.002915985806893673
3.7958626903984594,3.707459185654996,0.08840350474346348,0.08840350474346348
1.4980316586076716,2.7132060484173217,-1.21517438980965,1.21517438980965
3.621266706974053,3.833086685961782,-0.21181997898772886,0.21181997898772886
